timestamp,temperature,wind_speed,solar_radiation,load_mw
2024-01-01 00:00:00,15.973713224089861,21.99677718293001,0.0,3170.2707152486664
2024-01-01 01:00:00,10.893885590630523,19.623168414563843,4.280322317280274,3469.6454306622686
2024-01-01 02:00:00,17.18150830480554,15.29815184960087,6.031202011304119,3259.3167104430054
2024-01-01 03:00:00,24.184238851264205,11.765316111472131,13.418851843235919,3194.561507996979
2024-01-01 04:00:00,10.126773002213312,18.491116568067948,10.418480298980928,3629.747431766881
2024-01-01 05:00:00,10.126904344406556,16.967426927108747,25.83111074497831,3409.7134478237917
2024-01-01 06:00:00,24.63370252405913,19.475966100138663,29.586735493466513,3004.082056992466
2024-01-01 07:00:00,18.13947783322327,18.175859008409848,30.23724644098062,3059.2159948952713
2024-01-01 08:00:00,8.244204912520383,20.247763576596675,42.2749387695341,3693.951031348824
2024-01-01 09:00:00,16.340480348687716,12.32382394219716,48.224960365323064,3202.8184001400573
2024-01-01 10:00:00,8.292658457500302,21.586970328171628,39.94867158306456,3579.0326996599415
2024-01-01 11:00:00,8.274161971437945,15.987998023461998,48.50202686088235,3704.6091321749363
2024-01-01 12:00:00,13.935698172528273,25.376304363126327,52.66809511026622,3208.5195260199116
2024-01-01 13:00:00,-3.306241957262383,11.55406090955216,55.87090949838487,3880.7960407824266
2024-01-01 14:00:00,-1.7993426601042621,23.679819015826247,68.62271965975116,3876.368334450068
2024-01-01 15:00:00,7.5016997660722184,15.98955391731324,67.24965769058255,3669.2705790778778
2024-01-01 16:00:00,3.8973510373246096,11.742909981927758,70.46880420513953,3551.2337425490523
2024-01-01 17:00:00,14.513978660762191,12.580570829728392,65.16485621297781,3005.8955813325
2024-01-01 18:00:00,4.735807395830313,13.3982634590284,81.56575021597914,3602.3203178939298
2024-01-01 19:00:00,0.7015703893176681,17.120829732009582,75.2005369261479,3876.7101905660898
2024-01-01 20:00:00,23.72519015137243,17.6141774401775,84.5008037801717,3002.016961358642
2024-01-01 21:00:00,10.193789596107715,12.131499980307105,88.18145658437174,3369.569366778408
2024-01-01 22:00:00,12.54022563750339,14.878227038695085,95.97392046808208,3265.3004728521
2024-01-01 23:00:00,0.6020145102923458,25.71135179305932,84.77925462144837,3921.750983770984
2024-01-02 00:00:00,7.644938203798539,23.637715850503557,78.14980702292411,3350.9286878326684
2024-01-02 01:00:00,12.887380717678928,17.18161834837016,95.85709011116604,3253.9385135522093
2024-01-02 02:00:00,2.7920513806215776,15.190017390841001,105.3931025130867,3696.5741287414694
2024-01-02 03:00:00,15.005584146765376,15.600156633591306,103.79657394574117,3237.105358366406
2024-01-02 04:00:00,7.19489048064956,18.06758986365208,99.61699251915194,3461.9897264166257
2024-01-02 05:00:00,9.666450001653786,9.886037174007972,96.83050399344141,3423.1250931175496
2024-01-02 06:00:00,7.186347102164825,13.713117312883274,103.79562039811432,3256.1221397758795
2024-01-02 07:00:00,26.818225476071504,6.657079630612053,95.1137515042937,2671.2186367151676
2024-01-02 08:00:00,11.892022202096529,16.996115613026397,102.3343443510936,3365.001294469398
2024-01-02 09:00:00,3.538312568352797,18.235979698513706,102.20064966247348,3555.8367945154732
2024-01-02 10:00:00,18.580359296825513,12.58406768850313,104.44546152125137,3053.7931272434366
2024-01-02 11:00:00,2.233250800231822,22.869933816450164,112.16551963928788,3731.026178792421
2024-01-02 12:00:00,13.670908760038044,8.871171684988294,99.30574755223067,3220.29723440824
2024-01-02 13:00:00,-3.6773609910382046,7.678125598950899,93.53150213960612,3977.077812461973
2024-01-02 14:00:00,1.374511608812556,16.12225909279986,94.44047959139999,3659.8653199362366
2024-01-02 15:00:00,13.574889886952988,20.235491513060772,83.978157530016,3268.3869614922437
2024-01-02 16:00:00,17.907732639963285,23.419638457289345,87.37268217909671,3169.9669470021972
2024-01-02 17:00:00,13.370946249519765,12.7055786856553,86.59502339249954,3307.6693993310537
2024-01-02 18:00:00,11.074813740894076,20.39340416715648,83.59418022875765,3331.1659629503283
2024-01-02 19:00:00,9.59117043528569,14.807457652496463,84.33366001758321,3470.107502982485
2024-01-02 20:00:00,0.171824077060581,14.136863500295902,76.60774493120894,3911.3725261188206
2024-01-02 21:00:00,6.241246332842331,19.41829968743336,83.27079525518376,3378.814428318192
2024-01-02 22:00:00,8.3148898323217,18.2616143920671,74.41796216199076,3634.47588887874
2024-01-02 23:00:00,20.456977809751326,7.118039215078753,70.93533410093583,3006.2247455399684
2024-01-03 00:00:00,14.748946316547691,22.38270174862948,65.72949807662998,3321.132144508855
2024-01-03 01:00:00,-2.1043212429018716,21.900456770737257,64.36333647687525,4075.1708691268473
2024-01-03 02:00:00,14.59267175515836,11.872186492452354,63.7720321556609,3151.581695759297
2024-01-03 03:00:00,8.919341756669468,16.979017667187044,51.22066368365667,3469.840902123153
2024-01-03 04:00:00,6.58462399755233,17.470150931413695,48.036366310202524,3611.687437889931
2024-01-03 05:00:00,16.893410310726942,16.303368829119535,45.45040505070813,3154.9874253570633
2024-01-03 06:00:00,20.247996179967608,12.2484742307729,35.76413378942316,3292.0455428061305
2024-01-03 07:00:00,19.45024095292959,11.641883160309742,33.815228031713666,3068.68269643671
2024-01-03 08:00:00,5.286259814218892,14.872229645042774,30.85349307360817,3671.287943335341
2024-01-03 09:00:00,9.526300993190283,20.86364509629682,32.846387917369896,3573.6940875979467
2024-01-03 10:00:00,14.65010745122851,17.71800077297216,24.955779428868333,3243.8691904855145
2024-01-03 11:00:00,19.804361016978874,13.14692833956947,19.72023964876189,3128.817008847695
2024-01-03 12:00:00,8.16660609723768,18.858493553241722,18.069132388483407,3668.9428174585432
2024-01-03 13:00:00,10.514728186689464,0.7572868968496227,8.155537561336574,3529.813756971497
2024-01-03 14:00:00,3.1493202079517744,20.743828501860516,5.800329032517231,3853.0878477269
2024-01-03 15:00:00,2.4303470073546336,6.3014311061095025,0.0,3849.8529084609777
2024-01-03 16:00:00,18.500206579153584,13.187795292984339,1.3268117469981422,3105.8910824217837
2024-01-03 17:00:00,22.84992022856658,9.40165052686928,0.0,3118.1625119912605
2024-01-03 18:00:00,11.423919027357329,8.526592621395471,0.0,3718.536546070431
2024-01-03 19:00:00,20.028263183136193,20.804133936892597,0.0,3200.709635752896
2024-01-03 20:00:00,14.893088200381072,12.661493993440544,7.113740680499701,3412.575402348513
2024-01-03 21:00:00,6.839041963159006,16.73251940865358,4.631077011207962,3786.44844296291
2024-01-03 22:00:00,14.891164844067312,14.76539710560408,4.826987422955853,3267.7663817367256
2024-01-03 23:00:00,24.304292531727754,17.385204136115608,6.180653609031089,3185.718457325788
2024-01-04 00:00:00,11.713391687120387,15.384109455301276,0.4432879548071872,3550.8106362478507
2024-01-04 01:00:00,24.517149246512048,8.585038879057151,0.9865785370279779,3180.5265629743726
2024-01-04 02:00:00,-8.957960832717955,19.9813340972357,0.0,4285.015133756319
2024-01-04 03:00:00,18.57522003500179,12.531217084193438,0.0,3438.797390855711
2024-01-04 04:00:00,12.69637654590537,7.217090506701245,3.078855748855708,3563.5027760695525
2024-01-04 05:00:00,9.60794119627306,12.859424195170437,6.019422185844081,3658.9475163626253
2024-01-04 06:00:00,12.73408621228402,22.503798953171554,0.0,3514.038996943954
2024-01-04 07:00:00,-3.9005513168071424,19.251108710567465,0.0,4131.169190864841
2024-01-04 08:00:00,10.242624897299905,13.256739327960704,0.002639794282986464,3710.3428903668255
2024-01-04 09:00:00,14.856900572093972,13.253711478407856,3.006033744645574,3413.747896611755
2024-01-04 10:00:00,23.82315235793213,13.391824743913087,0.0,2850.3669353239993
2024-01-04 11:00:00,7.853838253810821,25.383739917804206,0.0,3574.127823676867
2024-01-04 12:00:00,5.532051176854499,16.909677261157768,0.0,3760.133377706545
2024-01-04 13:00:00,7.985943651323708,17.150208235955347,0.0,3711.562152263607
2024-01-04 14:00:00,19.323216941616593,20.15141727015921,0.0,3221.4124734453467
2024-01-04 15:00:00,14.630008877277476,16.193945795132567,0.0,3536.696723888267
2024-01-04 16:00:00,7.7619183698636895,13.704789270896484,0.0,3494.41307880159
2024-01-04 17:00:00,16.10613946490685,14.018250754575108,7.262337672353727,3355.588539709535
2024-01-04 18:00:00,12.776620394784324,14.64199370292968,1.6337238230116002,3303.8698140238885
2024-01-04 19:00:00,19.749159924263115,14.813888817450792,1.5023717980541418,3283.000088981784
2024-01-04 20:00:00,6.383575248981181,18.6381477181849,3.11103572021701,3728.989047156119
2024-01-04 21:00:00,9.378702827217854,15.259729429036497,0.0,3666.8128841136977
2024-01-04 22:00:00,8.86313477494274,18.663200386077897,5.195558937101343,3548.695195069111
2024-01-04 23:00:00,0.2918804149430514,14.596417099457089,0.0,4116.271276568053
2024-01-05 00:00:00,14.368962216516609,15.393175951580453,3.3524030862060625,3522.709171572809
2024-01-05 01:00:00,14.088442177439115,5.008996577339461,0.0,3494.816743203624
2024-01-05 02:00:00,12.040907653139687,19.58163837351241,0.0,3505.4119691880683
2024-01-05 03:00:00,10.123302932998826,16.732442379489964,4.089448290125143,3644.87471462931
2024-01-05 04:00:00,0.677034063596686,19.99005054929826,1.882047630487583,3898.4652853964226
2024-01-05 05:00:00,8.634837417877128,0.5187231090315532,0.0,3740.1620691869857
2024-01-05 06:00:00,9.258283867785844,25.441873523903638,0.0,3794.616734720958
2024-01-05 07:00:00,5.581781846227049,14.30205185922413,5.6271739220738475,3872.5354343046893
2024-01-05 08:00:00,10.709714306671927,20.540914083687582,0.0,3498.651180752382
2024-01-05 09:00:00,15.232406854516308,9.800470364372345,8.213364766279817,3410.4187280140986
2024-01-05 10:00:00,27.089487209684243,18.06386952531285,0.0,2787.1063572367657
2024-01-05 11:00:00,13.396622502654711,9.73292218413172,3.191959628041915,3514.990211755295
2024-01-05 12:00:00,14.060403125782114,11.881155196520975,0.0,3482.6442162549693
2024-01-05 13:00:00,11.404432673870662,24.57015676933393,3.0159371554117156,3350.8091847811343
2024-01-05 14:00:00,-3.350169722392332,14.046587996183266,0.0,4017.8284045044566
2024-01-05 15:00:00,11.787888996406265,16.087164365898616,0.0,3500.1705504693728
2024-01-05 16:00:00,12.48184167952821,19.35033865344377,0.20459587697860565,3470.2311663508317
2024-01-05 17:00:00,31.70593689988229,17.47840943986302,0.0,2610.8148304628276
2024-01-05 18:00:00,10.46111228175102,15.752094525717883,3.7041217271006293,3613.0451382109763
2024-01-05 19:00:00,14.412378738668899,16.824805012331126,0.0,3448.6522113472956
2024-01-05 20:00:00,11.722305842358054,27.017077926191376,0.0,3511.680853107826
2024-01-05 21:00:00,2.6505756990437437,14.711906014832072,0.0,3818.397822022414
2024-01-05 22:00:00,21.142582516120164,16.005495233574837,0.0,3259.1674119968498
2024-01-05 23:00:00,18.015464261494195,20.25327198003806,0.0,3444.9221408490616
2024-01-06 00:00:00,18.328255576344375,20.52762966478992,12.06307710806458,3194.387474345442
2024-01-06 01:00:00,4.724900361642089,20.9351515278019,3.9230214394901193,3741.941250939854
2024-01-06 02:00:00,23.222354487488793,18.19365111014592,0.0,3120.226587041648
2024-01-06 03:00:00,0.7851914976617529,9.284975436347583,0.0,3932.7894021188313
2024-01-06 04:00:00,16.694856750402163,23.167157661505478,0.11232946406023189,3318.0413509894697
2024-01-06 05:00:00,29.52364500647983,9.26827303490656,2.73559557587605,2887.5483237615217
2024-01-06 06:00:00,4.075709398954493,16.513177326195166,0.0,3646.0360152910907
2024-01-06 07:00:00,7.469618163177825,11.228620749903211,12.882185839098614,3807.281134279957
2024-01-06 08:00:00,12.79721092070113,14.679308267035037,15.867858162501207,3463.643899279886
2024-01-06 09:00:00,7.972194767070406,16.6438120515174,20.83147193401996,3598.299950992926
2024-01-06 10:00:00,-0.40530744852906153,16.606786077251364,24.339335043961942,3958.6102124310937
2024-01-06 11:00:00,12.548503798448218,17.109603771176424,27.095985970997013,3440.110811622129
2024-01-06 12:00:00,3.501570290191161,23.068556345293235,35.14553936261599,3616.5259793226287
2024-01-06 13:00:00,15.788739445081452,17.2676715075699,39.44403874165803,3439.0561674587493
2024-01-06 14:00:00,4.644606126129575,13.779216823546756,39.327123366585234,3739.694071448708
2024-01-06 15:00:00,24.399475240140315,19.820435841441785,42.73874928146307,2982.843704876199
2024-01-06 16:00:00,5.733973661310103,20.947352444623203,50.511249422032485,3764.7735317609354
2024-01-06 17:00:00,9.423507870354594,8.861960924315039,62.01704934269417,3396.909340744398
2024-01-06 18:00:00,18.50813773895736,17.98700034924929,52.21047058527549,3202.6007391746775
2024-01-06 19:00:00,2.1530854685283582,18.50586371155449,55.05616006876966,3777.0001520314468
2024-01-06 20:00:00,13.819679476833036,13.512182483200041,67.04910675854956,3397.7916849312287
2024-01-06 21:00:00,22.457142034259427,21.878534066558096,70.14539696400418,2748.700782666465
2024-01-06 22:00:00,-0.8598658764898204,14.249722064837366,74.24828184758238,3875.9886413403015
2024-01-06 23:00:00,13.477070868258433,15.62788226735771,77.90817156312734,3244.818756565012
2024-01-07 00:00:00,14.07906235398739,14.134640878580653,78.68716141506991,3322.68947807378
2024-01-07 01:00:00,18.254582974218483,15.077895237907338,90.16739117634769,3136.486317415385
2024-01-07 02:00:00,2.1043943129753444,9.518624565523991,77.42128924098556,3690.2190595168126
2024-01-07 03:00:00,1.4363470953257895,7.799745587028529,83.7771115333651,3703.774506702634
2024-01-07 04:00:00,16.175532524935182,22.97252531612486,89.67691710175804,3162.5583279433436
2024-01-07 05:00:00,14.375877385865488,10.765193258408361,84.02495363146205,3167.2507745709354
2024-01-07 06:00:00,14.003942802767012,10.043038252718464,93.17831653912205,3337.684024356288
2024-01-07 07:00:00,14.771585675975805,4.233049431981426,103.9460644789171,3164.323723958389
2024-01-07 08:00:00,6.5598022273720735,11.805191261552489,97.0847454922102,3252.7395979885323
2024-01-07 09:00:00,13.858029577288029,8.38455103296251,99.23253127615551,3209.7315486939874
2024-01-07 10:00:00,14.344579786389449,23.210075800681846,92.63127920334081,3137.099868053343
2024-01-07 11:00:00,6.2851886557890575,20.04908544671317,96.4555983390207,3392.5536755443018
2024-01-07 12:00:00,26.926196089158054,11.559248274111381,98.01743592555236,2603.174620760316
2024-01-07 13:00:00,15.7906633672943,26.262179026721544,98.41067326157976,3182.4929659683653
2024-01-07 14:00:00,2.469572022378811,19.90882743495797,106.26285205689545,3821.5554978158793
2024-01-07 15:00:00,17.252428869070638,13.375843082456887,102.24838832805139,3136.72451596757
2024-01-07 16:00:00,4.2025466381814285,2.5029714256321345,93.25884730855131,3584.730101034066
2024-01-07 17:00:00,18.296676829939617,26.45471286295371,99.1573815574844,3115.408583204517
2024-01-07 18:00:00,21.26876463205923,8.05213766618202,99.27943567880328,2904.781512338125
2024-01-07 19:00:00,5.434541453186316,6.773006265215541,101.11013652257203,3510.9380319110887
2024-01-07 20:00:00,19.707009033954574,20.112852160048202,101.69420780213966,2892.8949562142393
2024-01-07 21:00:00,15.302247415491987,27.198762031696365,86.86324706820524,3039.000728568738
2024-01-07 22:00:00,18.57648127995592,21.92136409255259,85.80138502297379,3046.3456080998712
2024-01-07 23:00:00,27.174343861231577,17.819545600261797,81.25969568508005,2766.3122031725898
2024-01-08 00:00:00,10.036895071977035,17.97377170832643,83.85013650361407,3421.161557112202
2024-01-08 01:00:00,5.970110685140083,19.26707779390154,84.61174661692642,3550.375386565808
2024-01-08 02:00:00,4.883884562995814,18.794642948933827,84.27027739102364,3541.529456628442
2024-01-08 03:00:00,5.473517720276494,16.405957119846878,75.80880995922263,3690.266290438992
2024-01-08 04:00:00,11.383186324687166,15.521005519759381,71.25347464016362,3270.4524057375274
2024-01-08 05:00:00,14.72921579853315,14.687034360502388,70.09319089845373,3348.247777646114
2024-01-08 06:00:00,14.213526394640152,11.23017705566662,61.46672816823054,3208.30378598526
2024-01-08 07:00:00,18.61746599228819,13.59662461566613,72.23377753514904,3035.5902815028708
2024-01-08 08:00:00,12.104015135023257,6.535215929023073,49.73667774372662,3269.6875200500485
2024-01-08 09:00:00,23.628272617258535,14.508301866026251,54.542888169714125,2895.6431042816666
2024-01-08 10:00:00,9.882745334096352,10.057044464245413,59.4471303418114,3583.327171800321
2024-01-08 11:00:00,33.76135333271695,9.482053413921145,44.94946846793014,2611.2097385998572
2024-01-08 12:00:00,17.00533878212005,15.899470755767393,39.439153967135574,3338.7503519837305
2024-01-08 13:00:00,5.14273954866974,21.960011431722997,33.974847420889354,3778.5549778048253
2024-01-08 14:00:00,3.4328600155111015,19.591583030011563,30.14327595285423,3692.0320646208106
2024-01-08 15:00:00,15.859779321945481,7.147496981884115,33.11488424942461,3266.3001361905754
2024-01-08 16:00:00,10.212297717393193,10.051859317148313,10.330995504616968,3492.8261873832917
2024-01-08 17:00:00,17.712003952736737,19.70385593994108,24.14356506267345,3376.290202169088
2024-01-08 18:00:00,15.785900996588358,10.087563032308452,4.401437406906169,3240.082220680022
2024-01-08 19:00:00,11.417368698745017,13.876834250014877,5.2039334095833265,3622.2671541699438
2024-01-08 20:00:00,5.22565025545276,17.75026049512276,0.0,3880.2693767927663
2024-01-08 21:00:00,-0.11877779748691708,10.158277725681824,2.9427663488535987,4181.827599373378
2024-01-08 22:00:00,8.427880383463831,15.526877530729799,0.0,3621.916125398497
2024-01-08 23:00:00,18.85119035458778,8.329872525408977,2.310863330409714,3312.5628751136855
2024-01-09 00:00:00,13.712749953041632,11.99316178024393,10.121548116434262,3659.4120892993506
2024-01-09 01:00:00,2.034089770304096,16.598909670712686,0.0,3856.872241494467
2024-01-09 02:00:00,13.385447406809456,7.035031332341654,0.9485308380519784,3309.181017298282
2024-01-09 03:00:00,15.082539037830694,17.202373689801995,0.0,3208.697435095996
2024-01-09 04:00:00,4.929140510390936,14.901811005366595,2.129436030965179,3869.8467104085653
2024-01-09 05:00:00,13.229800847564224,17.762449772085738,0.0957388870787603,3282.301467517415
2024-01-09 06:00:00,12.465669747567999,16.119570670323306,0.0,3464.141304803488
2024-01-09 07:00:00,2.8562376173550152,21.82070214986922,2.43936142435537,3924.603091160985
2024-01-09 08:00:00,14.862298882786266,15.626122513239537,9.021740548933716,3405.982117273674
2024-01-09 09:00:00,16.486276210945874,12.852972294373735,0.0,3383.093437980582
2024-01-09 10:00:00,20.664409945402216,15.61148751516142,3.5987897107409097,3188.455008342515
2024-01-09 11:00:00,20.430416416279222,17.71649014518194,0.0,3310.6699246801704
2024-01-09 12:00:00,0.9786450563432716,15.244300351628521,0.0,3865.6225596723893
2024-01-09 13:00:00,4.497399680679018,15.202958456019411,2.3620313894018867,3747.6804361481823
2024-01-09 14:00:00,16.120282137669278,11.490041560966223,7.420580142679825,3263.0816096807866
2024-01-09 15:00:00,16.11028760729767,11.68549541224526,1.7780667439282998,3435.0515434064973
2024-01-09 16:00:00,16.120381490448384,7.986973641001533,0.0,3445.224599221571
2024-01-09 17:00:00,42.821851925237766,23.747883715934698,0.0,2332.2484549223404
2024-01-09 18:00:00,16.567124085545338,8.780683823043574,0.0,3455.6644032671793
2024-01-09 19:00:00,21.08452512144479,11.535474011020463,3.022576631776834,3032.7697551410165
2024-01-09 20:00:00,19.63201410794562,11.407963672154013,4.411665311617046,3372.6185162140546
2024-01-09 21:00:00,17.211130010446382,19.474621884722207,0.0,3463.8786617533706
2024-01-09 22:00:00,9.477846042877236,13.525251608539861,0.0,3694.448358009485
2024-01-09 23:00:00,18.07175376394614,21.238710363368668,1.3293911482602425,3452.6509580227403
2024-01-10 00:00:00,5.817398283699426,11.632546878780659,0.0,3601.641747884246
2024-01-10 01:00:00,10.105451146079929,16.39497081111901,0.0,3543.3371405305375
2024-01-10 02:00:00,8.117091617367173,10.823264733701214,10.498608945832578,3580.788771345453
2024-01-10 03:00:00,12.65499311509058,25.72574563886694,0.0,3565.9482077721113
2024-01-10 04:00:00,30.51726853338807,9.062007904852436,0.0,2674.2951847042623
2024-01-10 05:00:00,-2.9381215407339845,16.549103551135136,0.0,4193.274376563108
2024-01-10 06:00:00,17.490081522996107,18.168884404660492,3.720959857499684,3430.0084337648277
2024-01-10 07:00:00,-0.9017269695172132,17.068995487257492,0.0,4105.589368789088
2024-01-10 08:00:00,8.224545073684531,14.073561705611459,0.0,3699.393299418769
2024-01-10 09:00:00,20.711604775738927,14.350896501332869,6.606520161365061,3059.5354345576375
2024-01-10 10:00:00,12.514240152763701,15.219057359895547,7.098015022568186,3400.5492672317787
2024-01-10 11:00:00,3.378041776565551,14.264989991857558,0.0,3989.8402194670443
2024-01-10 12:00:00,6.277570325920254,19.819395583974547,0.0,3826.8320873537227
2024-01-10 13:00:00,17.436781991477407,26.052615007956756,5.037568449184611,3288.5516315047803
2024-01-10 14:00:00,6.157066946262907,12.212541074960832,0.0,3711.9263675728944
2024-01-10 15:00:00,13.731668716655799,8.150985102104611,3.953127995813843,3240.2462080310024
2024-01-10 16:00:00,12.36457471923051,14.558589758243725,0.0,3398.3317693623358
2024-01-10 17:00:00,6.787197219153463,27.898546688271594,4.462986691496546,3910.728046564841
2024-01-10 18:00:00,29.151552714602605,10.981627160151346,0.0,2705.892334315649
2024-01-10 19:00:00,17.07135217854409,23.195584027220338,3.6538205953326224,3328.786253789679
2024-01-10 20:00:00,-4.201140693260857,23.388504070382204,0.07136533918217053,4268.64729437159
2024-01-10 21:00:00,13.491634518155422,12.232058791460027,0.0,3334.842352473554
2024-01-10 22:00:00,6.705708281852896,17.844915395926378,0.0,3750.2427162039926
2024-01-10 23:00:00,18.819466678369793,23.141983115642688,3.431592284783504,3334.149702046707
2024-01-11 00:00:00,5.659834092538395,13.104361295062564,0.5294722655761712,3773.797623958036
2024-01-11 01:00:00,11.082108468264808,13.982098199488192,2.922064902362421,3837.7118370313597
2024-01-11 02:00:00,16.039898231843658,12.091595430256781,9.882202922577427,3171.77973899328
2024-01-11 03:00:00,18.92604155336097,9.926216346535666,0.0,3348.831190853949
2024-01-11 04:00:00,2.39762874355379,11.753612274669965,8.086062874843119,3870.6425507685162
2024-01-11 05:00:00,9.323990113272412,8.880298666188718,0.5217796876160646,3703.188851577539
2024-01-11 06:00:00,8.200437510712351,15.17041734129613,0.0,3716.113214741431
2024-01-11 07:00:00,6.773366139410305,11.15013384470679,0.0,3655.7497347125877
2024-01-11 08:00:00,26.123633922248775,16.16892955895374,0.0,2977.9542823559827
2024-01-11 09:00:00,15.239853687687644,7.220521768981864,4.608250559622297,3195.399206233421
2024-01-11 10:00:00,1.9129283653196385,16.654401161072286,0.0,3983.807615444354
2024-01-11 11:00:00,19.34289557643821,19.167644808044624,7.555774651236737,3240.988474239051
2024-01-11 12:00:00,28.977249576101066,5.031321787142723,0.0,2904.7760338202675
2024-01-11 13:00:00,20.259722084409177,16.87028284923786,9.553886402677445,3276.315176326993
2024-01-11 14:00:00,-0.1549597276321073,21.13834496236646,8.320064120639955,4026.320244884975
2024-01-11 15:00:00,8.12612741706999,8.951794906543974,21.33137048323015,3647.101104330568
2024-01-11 16:00:00,22.13528919349298,23.362861934188516,28.829957210749633,2968.821684172652
2024-01-11 17:00:00,6.338644275049754,17.095095046830227,27.11292227643935,3621.006308080226
2024-01-11 18:00:00,15.550555425169827,11.474940721207956,20.943700091896606,3454.763844827147
2024-01-11 19:00:00,18.197072427434694,14.72115461171147,39.62248399628038,3336.505675480649
2024-01-11 20:00:00,4.584556227375336,17.79163456260861,45.37766731886995,3702.0513726360414
2024-01-11 21:00:00,11.5237971515056,15.380026957062057,49.673500987443475,3444.3013866902165
2024-01-11 22:00:00,-13.93013872055258,17.693779962231847,58.16964705435068,4350.404817214026
2024-01-11 23:00:00,3.8048988693256813,10.396632034603169,50.84396658005366,3863.39179659361
2024-01-12 00:00:00,9.979454788854717,15.84680412018039,63.66806426828869,3540.027362278412
2024-01-12 01:00:00,2.017734544281204,7.931427515475099,70.14633233158013,3973.119697211966
2024-01-12 02:00:00,25.059290431453082,14.443869693256499,59.046920549702136,2791.702233924498
2024-01-12 03:00:00,0.5588689763149386,10.480461792676051,73.12402696845066,3793.5963971086794
2024-01-12 04:00:00,8.47964410642413,11.322350287051167,72.41164286660918,3539.1355422623737
2024-01-12 05:00:00,13.04592461828873,21.18046587605219,77.74403543901693,3387.323898162994
2024-01-12 06:00:00,23.530186312528926,20.456550602971344,82.91340840171453,2871.3989669406506
2024-01-12 07:00:00,0.5131027905644849,18.045690604535885,81.5589587378907,3729.0618618562694
2024-01-12 08:00:00,21.305310017239677,9.538436176637106,83.2262722960873,3069.4758076105954
2024-01-12 09:00:00,12.081864488156697,13.417957751525991,89.16838549034652,3410.502185747597
2024-01-12 10:00:00,4.1479307916163926,21.065488499895917,85.7313112395251,3570.9927357999222
2024-01-12 11:00:00,15.696827794106166,15.708584568199523,87.68000511515908,3332.311158115985
2024-01-12 12:00:00,13.59247756458776,26.596647699908473,98.21439661304677,3376.891975110056
2024-01-12 13:00:00,7.1982649827296425,16.96658919697186,90.54449041394446,3544.4100695877046
2024-01-12 14:00:00,12.558416679920152,15.960245582450158,100.84980051599165,3303.9235180088144
2024-01-12 15:00:00,8.917491225105918,13.454417678987493,100.81673896900436,3497.0726501693457
2024-01-12 16:00:00,12.908138762009985,15.66770452391141,90.61359214461443,3216.2769582047463
2024-01-12 17:00:00,17.29704539616837,14.237650818097281,96.34509417961604,3118.431143710441
2024-01-12 18:00:00,24.688134529162816,18.54054338344295,105.94397655024288,2585.3483112720837
2024-01-12 19:00:00,2.0974760093852076,19.78351158397292,95.05773205516164,3813.631060064562
2024-01-12 20:00:00,29.064266997250133,11.070052697460252,97.38131137613232,2486.517375113544
2024-01-12 21:00:00,-3.616702396180015,8.34383523221111,101.50370466630348,4092.0026693574937
2024-01-12 22:00:00,10.785719239715334,5.818973134483517,102.3519919124458,3330.85523718985
2024-01-12 23:00:00,16.706537651876612,17.539956634562717,96.17245505847738,3118.226885614863
2024-01-13 00:00:00,14.247934941880262,9.483166969130632,93.1936963258413,3180.9218190646566
2024-01-13 01:00:00,7.01840384143525,4.235547035237586,101.80330996266429,3486.8533390250536
2024-01-13 02:00:00,10.335021997141798,16.942893022654822,101.65901902006183,3525.134216589008
2024-01-13 03:00:00,8.055992522729337,27.464997587163953,95.89904278848762,3237.181347860343
2024-01-13 04:00:00,7.285081944446308,14.969645442300534,89.2436550767658,3657.805950677435
2024-01-13 05:00:00,18.796816776168196,19.19245387225821,82.365606612358,3117.198463838727
2024-01-13 06:00:00,14.85612388772038,15.409146792737825,79.62817920306183,3125.79652129934
2024-01-13 07:00:00,6.456723237914766,14.505551734044287,83.55661105011517,3467.086609078255
2024-01-13 08:00:00,19.196799003466005,19.595382414938843,79.99694781064478,3239.7734469608904
2024-01-13 09:00:00,14.458396167012875,13.548627279056744,81.6787540865376,3163.755957152137
2024-01-13 10:00:00,18.50289695071168,16.336961570359513,74.50180422641665,2995.5454624591034
2024-01-13 11:00:00,17.037030735388896,16.608489030980067,60.13450148444416,3311.9812218520287
2024-01-13 12:00:00,5.368039912623422,11.659547731784755,69.14056216897661,3680.8525667857007
2024-01-13 13:00:00,7.518551678424243,19.960211747682614,54.96145348873344,3495.542468231923
2024-01-13 14:00:00,17.978348840986094,14.125201216522957,53.95268455737039,3194.6231747862776
2024-01-13 15:00:00,16.88296212346772,11.221274202535776,52.9043943201513,3116.2974580569607
2024-01-13 16:00:00,11.832787248286815,17.682549217852017,57.28321797990152,3522.204213950985
2024-01-13 17:00:00,12.938619066470256,10.507660091044814,58.387486206798904,3471.8173614149055
2024-01-13 18:00:00,22.2213191663074,15.140905786845641,41.29723477249783,3081.7533836849025
2024-01-13 19:00:00,7.2674288893133605,14.954405016778983,32.6775317863235,3680.1138869795204
2024-01-13 20:00:00,16.3767790493603,20.42947782915789,31.511804083692137,3458.024042344941
2024-01-13 21:00:00,10.382458780528847,17.373491164399763,28.451086408886074,3527.7681086998964
2024-01-13 22:00:00,10.258550374182239,14.874865206274281,17.522864878151815,3436.4248427343273
2024-01-13 23:00:00,20.79021481589752,19.088831496001436,23.167752230427407,3167.003294186475
2024-01-14 00:00:00,18.603330791904238,21.951037745086566,10.371998808595102,3443.7274756603515
2024-01-14 01:00:00,18.50807708800511,17.789051531759313,6.717214551653393,3144.7665380579037
2024-01-14 02:00:00,22.443830457234633,15.051763099216902,3.3296212602723068,3059.441262520672
2024-01-14 03:00:00,12.168030733062073,8.440818838249202,2.107933053072278,3550.707508381518
2024-01-14 04:00:00,17.45562377035971,9.674431684623137,4.194702502348061,3287.9951592803413
2024-01-14 05:00:00,9.517865947252352,13.473876478226662,0.0,3521.055004072174
2024-01-14 06:00:00,14.593330819907537,11.952438989203584,0.0,3528.452552826746
2024-01-14 07:00:00,10.958855565058524,14.06514348507277,0.0,3793.649849599385
2024-01-14 08:00:00,12.775967719941745,15.283249624485535,2.197506153101132,3504.179424798519
2024-01-14 09:00:00,16.761256203495307,17.648463771783653,3.8946825175605704,3231.3535578514666
2024-01-14 10:00:00,5.45423453413222,14.647506109704544,2.288864330759429,3622.356837467845
2024-01-14 11:00:00,28.739098205483682,17.43250821913101,8.372462166737687,2859.488745569295
2024-01-14 12:00:00,3.951860948002384,15.322372074050602,0.0,3952.3132964115307
2024-01-14 13:00:00,2.2864910976981427,5.1226671682306435,3.343708277962563,3949.369714185687
2024-01-14 14:00:00,21.26488698800054,10.303323030906228,0.0,3149.164136388093
2024-01-14 15:00:00,18.333301551703485,14.279562221391922,0.0,3207.7407727529303
2024-01-14 16:00:00,16.99295853641724,8.951526285794461,3.4776887878288876,3204.1099176958437
2024-01-14 17:00:00,17.02676407411424,17.999643649981024,4.24551055371572,3393.913548560487
2024-01-14 18:00:00,11.902025817224683,22.65375416171849,0.0,3615.2961294495713
2024-01-14 19:00:00,4.821965028113348,21.093809258486584,0.0,3652.548420206393
2024-01-14 20:00:00,12.60643646554981,13.932785645348961,0.0,3654.7264391960757
2024-01-14 21:00:00,6.5827063079031065,22.45363068424976,0.0,3794.098869773276
2024-01-14 22:00:00,19.80095786734201,15.743337286010558,4.451915817598931,3339.017318185701
2024-01-14 23:00:00,10.823540947982892,13.314570144409803,2.8760250805328313,3427.093537071107
2024-01-15 00:00:00,5.396022425659908,11.9329866822953,2.5033286069060483,3642.5700302182477
2024-01-15 01:00:00,9.428913266776053,13.487651567559357,0.2488684359048004,3607.4488014804183
2024-01-15 02:00:00,15.303451634204995,13.059115907293856,0.03531579314088226,3438.069745735038
2024-01-15 03:00:00,7.490203577568202,15.852081111877439,0.0,3880.0279391899685
2024-01-15 04:00:00,5.422236835468548,15.802869905249324,3.494142101012674,3846.730133760746
2024-01-15 05:00:00,13.9494976919353,15.015230100767072,2.104864721946949,3413.5422351974908
2024-01-15 06:00:00,13.959732568869782,17.184690848731748,2.4600942399639965,3334.0535879986915
2024-01-15 07:00:00,7.944454597030962,20.953231373931708,0.0,3805.2218733906766
2024-01-15 08:00:00,8.231693555053418,19.747770677206617,0.0,3574.2617152227913
2024-01-15 09:00:00,13.85639949886109,7.575510157750482,5.485763558768478,3597.6193484052515
2024-01-15 10:00:00,0.415325268021407,2.2303943254902254,0.0,3954.9485243184927
2024-01-15 11:00:00,0.7402898049875581,19.67159955619637,0.0,4129.446615062283
2024-01-15 12:00:00,6.252446229980512,8.165606507922895,3.4673945595699687,3810.860490687567
2024-01-15 13:00:00,10.292422786305222,13.876172990536583,0.0,3574.6035396035454
2024-01-15 14:00:00,14.487260524784038,9.149434869703203,5.299681920233109,3357.9705779855594
2024-01-15 15:00:00,23.802849735596418,5.990097812099901,3.0850297478834876,3007.625163345768
2024-01-15 16:00:00,18.861276985616154,17.70731364102394,3.4178466160023877,3281.544896580873
2024-01-15 17:00:00,10.720491760292584,18.795775801513233,0.0,3578.895979210068
2024-01-15 18:00:00,11.84787033677849,12.117447996366403,6.059719926932003,3454.584605868126
2024-01-15 19:00:00,3.9797650828975293,2.0447885392754515,1.3062526561692802,3821.633750339997
2024-01-15 20:00:00,11.85189491206088,12.268777758737587,0.0,3533.7819064894798
2024-01-15 21:00:00,9.690730888638893,16.959020027012734,0.7169423367112554,3398.0634703395403
2024-01-15 22:00:00,14.581748482704716,7.605442156129357,0.0,3462.5468721706816
2024-01-15 23:00:00,5.382152451581416,15.916799598895778,2.0432640574033543,3682.6552513502556
2024-01-16 00:00:00,16.15477211392938,14.923450754135022,0.0,3238.4758751222503
2024-01-16 01:00:00,24.26191130402062,17.896457498005443,0.0,2860.789113128104
2024-01-16 02:00:00,11.129918812345139,15.597901842070765,0.0,3375.4139977194054
2024-01-16 03:00:00,15.213693776791532,10.134655295592221,5.563441874949627,3244.7806148672103
2024-01-16 04:00:00,17.5211519336889,20.982857508322457,0.0,3228.251826889395
2024-01-16 05:00:00,8.79023622491331,14.20735213486515,7.6686385495824965,3828.3791876569594
2024-01-16 06:00:00,13.792739854483335,14.86347730245034,0.0,3395.7024382311465
2024-01-16 07:00:00,12.100739206254358,10.33366020463402,0.0,3533.745442376629
2024-01-16 08:00:00,12.781408788390653,12.783588744042449,0.0,3528.791787115007
2024-01-16 09:00:00,5.815921729156268,10.575986429865495,6.179058100034693,3768.1115332552645
2024-01-16 10:00:00,12.196081394071541,14.135269700382885,0.0,3504.412398164539
2024-01-16 11:00:00,15.983986329963598,23.558542400711715,0.0,3241.1111704415316
2024-01-16 12:00:00,23.609148862360335,8.140494285343218,0.8000911292639384,3199.1266180749794
2024-01-16 13:00:00,19.674166608681656,6.932193010616295,2.508913680837725,3388.7351726548472
2024-01-16 14:00:00,29.22545966009245,22.355851637468042,5.586994079512304,2651.5417560250085
2024-01-16 15:00:00,5.861219496895604,13.95338161424067,7.242496149464631,3648.663368736609
2024-01-16 16:00:00,18.978565093765425,11.654636306700418,0.0,3212.8763620116824
2024-01-16 17:00:00,13.466736045906814,20.19952343698038,0.0,3364.876778672708
2024-01-16 18:00:00,29.518423465741378,11.97192230131568,4.86341325333218,2860.132790209267
2024-01-16 19:00:00,5.533613717158788,24.130048567734683,13.21434804501749,3679.399534982952
2024-01-16 20:00:00,5.2822252625537915,18.389629356696346,12.046521545250098,3981.123553188009
2024-01-16 21:00:00,7.204858836447823,12.560442959271487,16.989693340854217,3796.881119294738
2024-01-16 22:00:00,-4.991165794478455,25.786541066327516,28.349982787450863,4164.204069267458
2024-01-16 23:00:00,7.793959826553912,11.971425384983307,31.176680047348214,3728.5868731751198
2024-01-17 00:00:00,5.926938707570416,18.710476860046533,36.2941344463746,3800.9242252401655
2024-01-17 01:00:00,13.203150291809662,16.49646290203246,36.95739305584236,3341.5644534101043
2024-01-17 02:00:00,14.734047806217276,21.50870644699399,44.115528995855364,3240.785305305402
2024-01-17 03:00:00,27.00936671372709,22.807555983634263,45.05065784345139,2837.3383220609785
2024-01-17 04:00:00,19.6033907054884,15.160020745328833,58.40270429957459,3185.222575631109
2024-01-17 05:00:00,7.384770754700775,11.232910648269083,63.27272636255346,3591.969756952204
2024-01-17 06:00:00,4.812682629213136,17.299860714695583,52.8648060821863,3544.063434448002
2024-01-17 07:00:00,15.935353372052045,11.61142315123947,61.29193895681956,3159.7195428091945
2024-01-17 08:00:00,1.4381343438348626,25.066936237633115,62.13545039924399,3810.80643908868
2024-01-17 09:00:00,26.65167012683483,15.682676655413687,69.87222296635647,2786.622188561311
2024-01-17 10:00:00,21.435520965770294,13.173392243439457,76.02626496975745,3187.780849108654
2024-01-17 11:00:00,8.246594783162362,15.923401529324542,72.32488944274058,3386.8876355481243
2024-01-17 12:00:00,-1.70507623272702,8.264368552351517,77.89418755315401,3962.9735983863598
2024-01-17 13:00:00,22.830978993323303,10.141929807446743,80.20744212161469,3075.2572668566677
2024-01-17 14:00:00,11.083681237979057,21.00206953972213,88.77385770706304,3606.250009608991
2024-01-17 15:00:00,21.902530495787694,11.715528605143021,90.37479755016949,2902.7094427497573
2024-01-17 16:00:00,-0.7554212703549368,9.7654450865903,88.48446897078846,3902.390858144641
2024-01-17 17:00:00,7.204999816369817,17.68326376263643,94.81169607491627,3579.1526509152395
2024-01-17 18:00:00,12.041949597745464,20.928520773314986,92.79338605807824,3352.283417129354
2024-01-17 19:00:00,12.375844750117936,18.594766553325336,95.52846032751367,3304.024769216325
2024-01-17 20:00:00,8.399476228166051,19.980238429029082,106.37129438773248,3494.8759010478975
2024-01-17 21:00:00,16.98279945877999,11.216024557152696,105.57818765544071,2856.3070378159505
2024-01-17 22:00:00,3.459036564939245,7.890946666290781,93.00219154418357,3743.8411033203265
2024-01-17 23:00:00,10.860964119829653,22.506668259777435,104.02377868492665,3370.131668203158
2024-01-18 00:00:00,12.96236505369519,13.386600805789321,104.0569825400863,3251.143943094193
2024-01-18 01:00:00,16.11551067246999,13.745834917724764,94.13311803336583,3371.7995566064246
2024-01-18 02:00:00,17.692919024711117,21.640970709245288,103.59262341914723,3017.604590294206
2024-01-18 03:00:00,3.002863265297046,17.7811500470033,106.56350246248788,3626.4508655566397
2024-01-18 04:00:00,-0.2729133658849783,17.27943886040804,92.38859848930029,4025.2946678772723
2024-01-18 05:00:00,22.22141457518807,25.82501172450542,92.29584525940065,2843.34559598869
2024-01-18 06:00:00,14.658512095836734,11.782408848099285,100.61106065803465,3157.4258665568073
2024-01-18 07:00:00,6.012107707547571,19.639200640406187,95.28038856960485,3554.2523722158026
2024-01-18 08:00:00,24.409215804180185,15.285065624485423,94.84522359361804,2918.0143688585113
2024-01-18 09:00:00,12.92539707434287,16.342961394316283,91.72508591575857,3320.3141959300992
2024-01-18 10:00:00,21.43437747251061,22.64234213206266,89.68445798899803,2833.9934504063535
2024-01-18 11:00:00,12.54014785128087,17.53917878144812,78.58773540630767,3288.001758823431
2024-01-18 12:00:00,28.485983399055897,17.691480395248163,87.73236982360463,2624.3604810693337
2024-01-18 13:00:00,26.042726739545635,20.36253668654901,85.41280707884107,2779.7432117381877
2024-01-18 14:00:00,10.008286812167412,13.175236352285573,75.28771026068758,3491.6774728549112
2024-01-18 15:00:00,19.772567607634844,10.803951663304968,72.89565665500746,3105.126557973388
2024-01-18 16:00:00,17.16300759668118,9.775954029894832,61.95277082576733,3011.9729790763777
2024-01-18 17:00:00,22.94905246025879,5.1682170531199905,68.50051611462557,3051.4309681164827
2024-01-18 18:00:00,4.280612315359164,25.28103564970161,64.9453447648852,3724.1417024555253
2024-01-18 19:00:00,17.488411679987514,9.483958171391585,57.77442662058218,3323.3678843187254
2024-01-18 20:00:00,20.467395894796702,13.89373188207114,59.56199870838257,3106.5999995204343
2024-01-18 21:00:00,-2.0699158913849143,13.615933500555396,47.98960347573034,4096.949724477512
2024-01-18 22:00:00,2.5339318986737993,16.537033489045506,48.078404300853315,3849.140446596354
2024-01-18 23:00:00,-4.313857422080805,19.078686062696484,35.63909662830965,4235.898679246888
2024-01-19 00:00:00,9.844745324443538,19.302367441798726,35.999674979658316,3586.43590066472
2024-01-19 01:00:00,17.740338046367697,12.084612807155308,30.53522629403909,3219.5245009129235
2024-01-19 02:00:00,24.018856416768223,14.164391431067942,27.744440700503095,3211.0003339729533
2024-01-19 03:00:00,12.592758243358201,16.412899752441497,19.91450582866557,3545.3643708363297
2024-01-19 04:00:00,25.028924364570337,13.756544369082265,16.19451393063895,3023.82843965635
2024-01-19 05:00:00,0.9591883342808689,23.036727880099964,16.02964393563436,3801.942737103663
2024-01-19 06:00:00,-1.6270595148412372,17.454874758191256,4.733316177005474,3926.7849864932846
2024-01-19 07:00:00,11.55561840882705,18.674388930249087,0.0,3567.0468118611034
2024-01-19 08:00:00,15.072523591514457,18.314406343337062,8.747919521027104,3394.1553370741913
2024-01-19 09:00:00,11.738442015247255,20.867369287426627,6.907270393452433,3455.2355221023736
2024-01-19 10:00:00,-4.539536800319013,15.905107793518535,0.0,4195.679741973966
2024-01-19 11:00:00,11.287039683897692,8.515840260220767,3.448539026225972,3700.484027396
2024-01-19 12:00:00,1.5642439959611742,16.998439758763208,0.0,4006.970487616583
2024-01-19 13:00:00,17.35738039064031,11.743215531040855,1.317436076655298,3188.9690612458035
2024-01-19 14:00:00,14.932785968774786,12.356916591251217,1.4711206450674685,3388.5954372445794
2024-01-19 15:00:00,4.480961709381158,17.931820093775467,0.0,3740.2648835394975
2024-01-19 16:00:00,7.889064661306452,21.19141535716818,0.0,3645.667421906886
2024-01-19 17:00:00,3.5262918248883874,15.106357883680309,0.0,3817.5867604415002
2024-01-19 18:00:00,11.498567221814625,16.544165062994818,0.0,3492.2927528670148
2024-01-19 19:00:00,19.641138564009907,23.51107472317619,0.0,3088.840920242264
2024-01-19 20:00:00,4.11419162931565,16.203765897442842,0.0,3822.666866675555
2024-01-19 21:00:00,16.032372124142753,28.008415570901974,0.0,3302.644351349559
2024-01-19 22:00:00,7.757939053020474,17.82754822815772,3.4102603285630995,3389.9170482218283
2024-01-19 23:00:00,5.657017341901247,6.196186204220911,7.436230776679636,3964.1440472207573
2024-01-20 00:00:00,11.143757120363537,18.766708105522664,0.0,3663.1266806071258
2024-01-20 01:00:00,3.7180614206450073,16.90579192441389,1.1970225026768853,3811.2534256763465
2024-01-20 02:00:00,7.570805557222544,21.448763770413727,2.498425551514669,3694.052831582129
2024-01-20 03:00:00,2.4169768592892122,18.36590675634979,2.360011354596372,3781.435468187483
2024-01-20 04:00:00,27.717801063331116,14.30772008008113,0.37977633958043705,3060.1006925686806
2024-01-20 05:00:00,12.282108415773829,8.878508818553172,3.7134120917986118,3691.017708662761
2024-01-20 06:00:00,6.402195936059315,13.954883713569874,2.411244763403286,3754.759045855473
2024-01-20 07:00:00,13.711839285873776,10.7473977289535,0.0,3553.8794929835835
2024-01-20 08:00:00,11.101375602473361,12.097382750976386,4.345780321946366,3564.7820931505653
2024-01-20 09:00:00,10.232243203734216,17.94289202210305,4.436454186333711,3448.164819590371
2024-01-20 10:00:00,16.9133336003474,23.34952252175703,0.0,3282.2843190897383
2024-01-20 11:00:00,18.06006168037844,16.973357649114906,0.18968917723801015,3290.410951107582
2024-01-20 12:00:00,7.75599081911578,9.020584689824078,3.416644964055347,3637.472305432914
2024-01-20 13:00:00,7.39345407484256,17.223013341100703,0.0,3682.3965092627936
2024-01-20 14:00:00,9.799586422786849,20.983157433228257,5.364890238830059,3588.1468068599547
2024-01-20 15:00:00,-6.415369317884679,11.951085478403089,11.819362473096804,4224.888197982648
2024-01-20 16:00:00,-0.1215284975884181,14.329914166635412,0.0,4010.086988953285
2024-01-20 17:00:00,22.934994139556196,15.073440973645985,0.0,2976.539727778092
2024-01-20 18:00:00,25.15974170801027,11.0755084345888,1.5190929780243787,2918.870530810747
2024-01-20 19:00:00,10.007711683548973,18.241402169219295,3.6078125256307176,3464.017481036783
2024-01-20 20:00:00,16.61245570444613,14.395259256961092,0.0,3433.283326790775
2024-01-20 21:00:00,14.490001236348288,17.097662219535138,7.266303316605171,3195.3026497288256
2024-01-20 22:00:00,36.6310464676419,10.5625391109895,0.0,2650.1171756260164
2024-01-20 23:00:00,20.956599291476614,12.812708498382948,3.4645931151580553,3293.4417818369034
2024-01-21 00:00:00,10.976659268153867,18.611906789138857,0.0,3530.715570575583
2024-01-21 01:00:00,4.355676475196594,13.135834239541165,8.596889531036483,3548.265453147333
2024-01-21 02:00:00,-0.85157056206058,23.634819256167027,9.962576765840591,3978.006612754013
2024-01-21 03:00:00,13.627709086937784,13.001819071926988,0.0,3448.473220393607
2024-01-21 04:00:00,5.949194037725573,16.12342362875943,0.0,3660.9724164980853
2024-01-21 05:00:00,0.6219703232186067,19.662954159365448,4.29793943489901,3915.0034688206338
2024-01-21 06:00:00,6.8274169260597874,7.908171335334842,0.0,3879.9228428439437
2024-01-21 07:00:00,3.3476159710848403,6.19595594009612,0.0,3932.5880773867807
2024-01-21 08:00:00,25.497133080580518,7.371718427149526,0.12694210271205092,2887.404381133545
2024-01-21 09:00:00,19.053118055595604,21.31292051713591,0.0,3078.1153608166323
2024-01-21 10:00:00,11.93621886946706,12.240709270537767,0.0,3489.8495134603404
2024-01-21 11:00:00,23.839553111120207,27.79099642834126,0.0,3025.0721976201476
2024-01-21 12:00:00,12.618946461180947,12.178762006713058,0.0,3544.8620602890937
2024-01-21 13:00:00,5.109726389373891,15.922756515985185,7.21816001734407,3727.6429531335903
2024-01-21 14:00:00,24.18499261815726,22.710549762839378,0.0,3083.7502528098958
2024-01-21 15:00:00,16.31128034947727,25.030464440795615,4.066025933739886,3532.9321381594523
2024-01-21 16:00:00,3.702030765388349,25.307517883181987,0.0,3933.4688716288924
2024-01-21 17:00:00,10.477290575331134,21.041831152965713,0.0,3576.0995262536776
2024-01-21 18:00:00,4.9950539729219425,20.120312629057313,3.9518594802585567,3773.979075017276
2024-01-21 19:00:00,0.9376021522853115,17.962634746005914,1.7002564728444522,3923.4280875449113
2024-01-21 20:00:00,19.40942038025313,18.89180538083319,2.853064986097655,3335.981146062894
2024-01-21 21:00:00,27.275333123761044,12.244071418357333,4.840923302664305,2836.5734838490994
2024-01-21 22:00:00,0.8114594094468703,10.909005582888465,0.0,3972.0638945221235
2024-01-21 23:00:00,16.503753893524568,14.98312771294524,1.1809376169031127,3342.6077592133197
2024-01-22 00:00:00,6.7948594470253845,14.149076887375358,3.8094686149899477,3670.4082656078513
2024-01-22 01:00:00,8.102996929882432,12.733859753363625,10.078139086535,3518.477289843223
2024-01-22 02:00:00,7.260848606089047,18.481937237283578,33.88505766722873,3674.0933907837475
2024-01-22 03:00:00,5.088073842561472,19.776526042852552,30.249442450778908,3729.877764210445
2024-01-22 04:00:00,12.388173023558616,15.442034431459236,22.096958863133857,3510.303208275045
2024-01-22 05:00:00,5.352399068711698,22.38765040527631,26.994066838720236,3678.5558729301747
2024-01-22 06:00:00,14.16365460623871,9.291554429332475,40.68554625560335,3474.1648531205497
2024-01-22 07:00:00,11.598095124406905,14.03170270360141,45.58653706387119,3357.225742774797
2024-01-22 08:00:00,10.088415625068722,11.415888396985975,50.06131168341845,3667.5447800322036
2024-01-22 09:00:00,4.739490703667217,5.6673169146347,50.390288538806026,3534.876143792873
2024-01-22 10:00:00,7.385829355453338,14.586596570786504,55.25657683873234,3637.530678560091
2024-01-22 11:00:00,18.043129806606046,14.391262458083583,61.60206615288721,3202.613743682646
2024-01-22 12:00:00,16.007337500995046,22.567248716210656,64.32077837508098,3151.509236415948
2024-01-22 13:00:00,4.179558041611592,18.154058422773886,56.563441479026636,3762.130189163585
2024-01-22 14:00:00,12.794658443433807,9.879065878353975,70.11012190074861,3475.945285437166
2024-01-22 15:00:00,18.011096986974312,24.27046283167094,70.4227972221342,2917.0286421413525
2024-01-22 16:00:00,-1.3552422489709741,21.105168477626766,78.789561342769,3946.905048022382
2024-01-22 17:00:00,16.34688153903948,17.91048851734308,95.87834094203563,2905.040974521342
2024-01-22 18:00:00,6.6990099284332265,13.86757950575084,85.62525278224112,3464.2226169458677
2024-01-22 19:00:00,16.564789348745276,10.202803816382602,84.84614918109065,3330.632764178102
2024-01-22 20:00:00,5.893926747659865,13.138966119644735,93.43233625082829,3519.2000542527435
2024-01-22 21:00:00,-2.4390568053161523,20.44374309852093,93.4238426442014,3793.3265904833465
2024-01-22 22:00:00,-1.0203395030653013,24.422931529673043,95.0700159714601,3830.879775281224
2024-01-22 23:00:00,12.384679573291056,22.716217641360945,97.7300960033565,3515.943258878
2024-01-23 00:00:00,14.077780013771855,12.555752891068629,106.46769609592191,3040.7851825366793
2024-01-23 01:00:00,4.765466999164731,9.401912833554944,91.77877752975006,3520.692773809976
2024-01-23 02:00:00,17.10873967021899,15.70443123455602,100.80560152366195,3263.782378461879
2024-01-23 03:00:00,-1.292160498151679,6.1578031721857425,94.56322186439523,4048.3302105510497
2024-01-23 04:00:00,11.471361610821468,16.615838570923906,102.48194444830449,3325.838524241504
2024-01-23 05:00:00,2.3118704019003466,14.261987068506656,95.37049427097406,3592.878925129374
2024-01-23 06:00:00,6.785311137582727,12.669817490658788,97.88628025371536,3742.3993441701764
2024-01-23 07:00:00,12.379189370531313,7.0264846636660225,98.2564711154766,3467.763722122714
2024-01-23 08:00:00,5.116693077728381,17.568000532848583,104.12003358565644,3654.986908495775
2024-01-23 09:00:00,8.923555646161397,12.336495801690443,103.0937040768203,3355.6301311061616
2024-01-23 10:00:00,20.050342473715524,9.15041582144856,91.28663152075627,3010.5101039260626
2024-01-23 11:00:00,7.38486504381481,0.6386889335917534,96.55945013801154,3495.4504898669015
2024-01-23 12:00:00,18.685536896521135,14.862425474746818,91.26529773854965,3103.133059123613
2024-01-23 13:00:00,2.962345162739055,23.86125798334872,86.81163169339399,3852.9830739167833
2024-01-23 14:00:00,16.238433423322263,23.30629607273935,90.07685230064821,3258.2506625795536
2024-01-23 15:00:00,23.532548965263203,12.714518717068641,87.44899124488532,2776.062451201225
2024-01-23 16:00:00,-7.7731560010183145,11.988939698191096,98.73157764663381,4251.112729749419
2024-01-23 17:00:00,5.624837956236186,17.34387128037512,86.15250102129197,3634.014693709284
2024-01-23 18:00:00,16.61657701744432,10.008072804058543,74.27897516164552,3255.4855485648277
2024-01-23 19:00:00,10.37563691165606,16.50895949909733,75.31927175443724,3580.9900659527434
2024-01-23 20:00:00,14.969166986970471,18.830401391923452,80.03042906465822,3130.01443744051
2024-01-23 21:00:00,7.168118506273435,21.13466611942154,81.95845247824506,3545.775796921926
2024-01-23 22:00:00,12.692718299783198,14.499229617600236,59.99993675855796,3319.1459393556347
2024-01-23 23:00:00,10.754582116863364,13.981631249115171,54.77371682622584,3303.483339136468
2024-01-24 00:00:00,21.34225649327846,10.610087066217194,69.6109289202785,3041.758880188797
2024-01-24 01:00:00,14.035366746409705,10.8655982298007,58.136027737728895,3573.468929826596
2024-01-24 02:00:00,14.700821296601617,13.867605540492367,47.637625124522664,3132.684123436315
2024-01-24 03:00:00,8.704984271020262,16.83682753408089,50.31318531851309,3547.946197417217
2024-01-24 04:00:00,8.099150207420053,19.567923131166246,30.002938549055884,3680.0824081125634
2024-01-24 05:00:00,8.539534497443032,10.984105246598276,38.632044286332594,3593.4623516952315
2024-01-24 06:00:00,15.155617139026376,22.46344284479761,35.591051035081,3311.280407117209
2024-01-24 07:00:00,8.632124153437896,13.644381994787157,33.82504216117373,3457.143313195554
2024-01-24 08:00:00,14.318198855171303,14.89316352825782,19.312817798179083,3411.925084490806
2024-01-24 09:00:00,28.60320638916351,11.263941604260882,19.92827437328992,2740.3387979852873
2024-01-24 10:00:00,18.96899762745354,2.8787986986352916,9.941419396594938,3002.3650856108134
2024-01-24 11:00:00,9.391811742657271,19.42022698180525,10.877678575018043,3722.031395195046
2024-01-24 12:00:00,21.60971137731156,18.684219485462165,0.1322004992207173,3231.1857258933005
2024-01-24 13:00:00,8.735397015827589,13.593362214408932,0.0,3655.7502170520047
2024-01-24 14:00:00,-4.304996281422831,15.33495358612436,0.0,4195.107320077484
2024-01-24 15:00:00,3.9353095126607673,17.579696088520496,3.2556812091182854,3943.508058346889
2024-01-24 16:00:00,-2.9663353682068454,7.187270715567287,4.2922555832833265,4132.502869239515
2024-01-24 17:00:00,9.187892127669532,12.354736613268527,0.0,3722.88607036935
2024-01-24 18:00:00,12.147347033516414,18.971323398109135,0.1911899748001417,3483.975518622358
2024-01-24 19:00:00,25.411498498202263,8.728552884153753,0.0,3114.738433929304
2024-01-24 20:00:00,14.615418990113302,16.467789660833148,0.0,3447.4618129887363
2024-01-24 21:00:00,10.247195769529085,8.217090976882975,0.0,3609.517363579424
2024-01-24 22:00:00,18.635244649467914,17.332149912167633,13.103965455149876,3101.3761742397805
2024-01-24 23:00:00,-5.689082472063081,14.821792588512583,0.0,4256.258884312694
2024-01-25 00:00:00,13.884916464868528,6.924340920472453,7.320886193762187,3346.76607726829
2024-01-25 01:00:00,18.166921551095733,20.823696772285857,4.98429386732904,3199.526277568663
2024-01-25 02:00:00,0.17131003376126763,11.327042116009753,1.403182022450682,3908.803671773036
2024-01-25 03:00:00,21.150032345655433,10.948737814928094,8.793102420975668,3029.789008141909
2024-01-25 04:00:00,14.707971259955313,16.002845986154714,1.8605273630343144,3620.437235177415
2024-01-25 05:00:00,8.67769668879359,20.743186747143575,1.9457959783396437,3782.134446690417
2024-01-25 06:00:00,17.06225492885028,9.920890905108015,0.0,3509.546553060415
2024-01-25 07:00:00,30.165542862435167,15.308399249239859,6.117844412093137,2658.853094722851
2024-01-25 08:00:00,13.45493004046796,17.144082501652864,5.482346169054418,3457.9634810342623
2024-01-25 09:00:00,13.98576469040269,18.46552803631572,0.0,3311.218649863483
2024-01-25 10:00:00,8.325112803678048,15.882207776386126,0.0,3597.4260001331713
2024-01-25 11:00:00,5.201245044281666,13.164860804583387,0.0,3700.137499887076
2024-01-25 12:00:00,18.642686532353963,10.862048896756402,0.0,3378.250939349997
2024-01-25 13:00:00,5.151329392729062,15.430719415231874,0.0,3754.323856480662
2024-01-25 14:00:00,12.572529897755139,9.639304940071966,6.187190673420696,3591.562356112355
2024-01-25 15:00:00,8.178740425879067,0.3932475825269641,0.0,3733.2624719236887
2024-01-25 16:00:00,15.831838605971136,17.182799020788337,0.0,3597.0903309716336
2024-01-25 17:00:00,14.669296842295587,19.519674205430977,0.29011367404197613,3264.7034766461197
2024-01-25 18:00:00,20.300319554063194,3.1853378222908084,4.242154411026423,3305.4262329940993
2024-01-25 19:00:00,7.919868809162024,9.951346476450311,0.0,3797.849334673592
2024-01-25 20:00:00,9.841000517653029,18.095771305025988,0.0,3509.0220954911756
2024-01-25 21:00:00,4.169890273741541,25.287477348558493,1.0564184613973635,3931.8048857748595
2024-01-25 22:00:00,8.445653919391107,15.103968538377039,6.000394782134306,3683.78754996271
2024-01-25 23:00:00,15.018403944358818,11.359985293854328,0.0,3376.5162162303063
2024-01-26 00:00:00,18.055908933162815,14.085517794475798,0.0,3195.3700939762875
2024-01-26 01:00:00,4.622677406578997,21.874382095740923,3.098557229830681,3736.98484413226
2024-01-26 02:00:00,18.95684736084528,11.770179104377323,0.0,3446.707315144781
2024-01-26 03:00:00,22.845102870439607,11.004039966748731,0.0,3086.264167078164
2024-01-26 04:00:00,15.307479225789606,12.586282389089838,0.0,3465.9138311215615
2024-01-26 05:00:00,27.014366500464526,10.233356958706437,0.0,2840.3354018146633
2024-01-26 06:00:00,5.809686407171416,15.613351579973978,0.0,3689.627249090979
2024-01-26 07:00:00,2.0427623735086637,23.123392292347802,0.0,4026.487985984648
2024-01-26 08:00:00,-2.229761991234229,16.615396365580146,4.485330984435661,3945.2621965253447
2024-01-26 09:00:00,23.968354491913466,13.738232489368562,6.374375206393611,2986.9956931201473
2024-01-26 10:00:00,17.23492525083246,13.540943655422279,3.2576099566975287,3307.49051116053
2024-01-26 11:00:00,11.55532263271636,7.184045956516715,0.0,3548.9243548753507
2024-01-26 12:00:00,14.239749010558562,19.415548885735795,0.0,3412.500711076042
2024-01-26 13:00:00,2.996087621612988,14.61081401493599,0.0,3919.738473245073
2024-01-26 14:00:00,31.56601583693461,14.097600432046871,2.993971947809551,2800.6569982087776
2024-01-26 15:00:00,13.03376945580182,30.965537839224304,3.341702443590404,3545.4295714266796
2024-01-26 16:00:00,12.875158356839144,16.49376454182843,0.0,3386.413284859652
2024-01-26 17:00:00,17.806132991189536,11.241044749524079,0.4099777820678021,3258.5192149954037
2024-01-26 18:00:00,15.848073853893705,12.868212018972283,2.2864020230762057,3480.9805279857933
2024-01-26 19:00:00,13.79107219423305,20.742228545983775,7.279111610733833,3523.2636077665975
2024-01-26 20:00:00,5.676204356437505,15.566352052688822,3.5225326991236154,3628.6208151961464
2024-01-26 21:00:00,15.771746857087965,7.808610108413166,3.9452834368775944,3396.3875488779463
2024-01-26 22:00:00,27.05619597180027,19.59614467287602,0.41913313964680465,2719.0913699112143
2024-01-26 23:00:00,22.76336036923982,11.65927957230503,7.052295726017519,3080.054483984409
2024-01-27 00:00:00,24.745493013115176,24.366488881087726,2.0488139797974867,3195.859353190396
2024-01-27 01:00:00,7.910274588550519,20.400240328573243,0.0,3588.7997447310804
2024-01-27 02:00:00,4.083161437931353,12.763390521706244,7.016849850625953,3739.2075382323355
2024-01-27 03:00:00,10.993704639202814,21.405081808675565,3.489516362695138,3629.675759863783
2024-01-27 04:00:00,12.445799298309558,15.339277552637016,0.0,3347.8878765466534
2024-01-27 05:00:00,20.753532147767586,19.263868375611096,4.1533354108297775,3098.276540279133
2024-01-27 06:00:00,-1.539717037718555,17.423664086472375,13.017644412121767,4095.197506442674
2024-01-27 07:00:00,24.23640255568491,10.768216725045633,18.805768455450437,2929.5037760927626
2024-01-27 08:00:00,10.735936811368084,11.78225083841269,22.390085037884567,3502.1853587484106
2024-01-27 09:00:00,8.584951440420639,20.149804087905807,27.820341260913374,3675.379830892851
2024-01-27 10:00:00,3.90316499791866,13.326123339467296,39.55798167235407,3806.9120450922014
2024-01-27 11:00:00,-1.2388533749261548,12.981757683790017,41.13252269485342,3993.97092923688
2024-01-27 12:00:00,18.585364671695316,10.224387103253235,41.35499957004032,3139.963186065103
2024-01-27 13:00:00,12.586543737507231,17.117995327967307,49.63420345626098,3434.275955114084
2024-01-27 14:00:00,1.680312802071569,25.312624596215727,44.17833936314328,3832.057541180875
2024-01-27 15:00:00,1.6393698234910712,9.662335428728635,55.62032878563778,3868.96511048166
2024-01-27 16:00:00,9.313722405678973,15.12109728336379,66.83264269193918,3444.0926158771654
2024-01-27 17:00:00,25.352172202315145,22.061102777077146,60.70657444689307,2846.243065575654
2024-01-27 18:00:00,9.923269189091162,14.601793043771425,61.4145581156204,3381.2443369499115
2024-01-27 19:00:00,-0.025143624944849563,17.26185898124867,66.08378090290412,3865.337422191362
2024-01-27 20:00:00,10.034055487312445,9.688032359265602,67.41388619962954,3382.7099217453583
2024-01-27 21:00:00,9.818211442018637,17.141535486038244,72.27358599823681,3351.3197253065814
2024-01-27 22:00:00,-9.575093143532573,14.064278674977256,77.48936399235001,4253.891112542142
2024-01-27 23:00:00,11.565641067857502,19.928649978399314,75.25986775539101,3408.1285993606843
2024-01-28 00:00:00,10.152523758330576,20.936930257823754,85.10550459984043,3501.975413961953
2024-01-28 01:00:00,17.569650918507346,27.947818210093068,92.06555902886923,3069.970288244458
2024-01-28 02:00:00,26.79164875956276,17.898165866067878,85.32287440791725,2798.4935854853306
2024-01-28 03:00:00,21.01252023638206,16.628981582910832,99.54049994086861,3015.497947890347
2024-01-28 04:00:00,9.848890475561355,15.97192150788668,96.35019324315383,3457.8213752743977
2024-01-28 05:00:00,3.1477927300666373,13.234168535946559,100.56637698292336,3590.3901685512737
2024-01-28 06:00:00,32.58687842599888,16.692419217308455,93.50258096039394,2524.4560492663754
2024-01-28 07:00:00,12.473747472115907,13.522992949304854,102.20024608013924,3333.063638560551
2024-01-28 08:00:00,12.111434335303569,15.842304881348072,93.35855843880181,3329.5433564010477
2024-01-28 09:00:00,11.806999303119973,21.5879876780398,103.91258470771469,3111.2470926226633
2024-01-28 10:00:00,13.584678086142839,9.967287173601793,100.71456374972534,3271.2327114521836
2024-01-28 11:00:00,10.84511670460846,20.699392805645225,102.76555676572683,3581.917322223932
2024-01-28 12:00:00,7.41070394495811,21.58557533669933,94.01481454101669,3479.538286243944
2024-01-28 13:00:00,7.625128470076863,14.409657365044605,95.06074530980251,3432.0656607917886
2024-01-28 14:00:00,11.737973838272012,4.390725504957027,101.91625594546034,3363.9833905493388
2024-01-28 15:00:00,7.65260183092988,11.960890064527838,93.33462621380693,3538.4644953818483
2024-01-28 16:00:00,6.297233738582685,21.484972732805545,99.29301832418079,3668.7981303499723
2024-01-28 17:00:00,12.851441821535175,14.885659688505589,88.79904108690407,3182.5574293738964
2024-01-28 18:00:00,9.960182260633157,10.003488838525445,98.2938287262097,3478.1430773797533
2024-01-28 19:00:00,24.03194390866151,12.476125393858913,86.07301444566409,2925.618420887358
2024-01-28 20:00:00,-9.207758467144096,19.203100132522763,92.94880134414252,4168.198082303425
2024-01-28 21:00:00,20.732054815379694,17.7336678410069,91.04125424923414,3022.504030678513
2024-01-28 22:00:00,21.968681539981034,13.805339504151528,81.93486140728156,3060.328763746031
2024-01-28 23:00:00,-4.587121859265196,13.165877940926562,85.62054438052084,4099.475323612412
2024-01-29 00:00:00,9.25849924735721,13.04120925478089,81.09716695282869,3353.163764992681
2024-01-29 01:00:00,9.028473072033668,10.387949077507487,73.98544520617627,3572.906005381849
2024-01-29 02:00:00,0.7399064422574302,23.07687844734721,68.32953690150357,3827.2758080034437
2024-01-29 03:00:00,5.777466499272998,13.3883976539433,60.06807787466683,3656.0525940812977
2024-01-29 04:00:00,3.11539323627337,21.085792604127484,67.96333617336083,3746.777297302513
2024-01-29 05:00:00,26.01816354738898,22.606580259612258,54.55911701876377,2835.130925187087
2024-01-29 06:00:00,19.48542714517969,19.9915544907398,58.87165921893096,3222.010345465657
2024-01-29 07:00:00,22.17244075995327,12.841898436409759,52.94325526211351,2998.8440630927207
2024-01-29 08:00:00,17.77337651234588,17.018650451683047,53.385873761312375,3070.3385791452233
2024-01-29 09:00:00,2.9675858302621663,14.87902196804542,44.084396341098866,3753.7747885103427
2024-01-29 10:00:00,7.803837869761811,10.48149069634936,39.43765782654304,3626.840641237489
2024-01-29 11:00:00,15.914996489823345,16.621796408608017,40.1316267069205,3406.0583654229304
2024-01-29 12:00:00,2.222977528864437,9.104801044200988,33.44359551042135,3904.5031763194634
2024-01-29 13:00:00,17.703987441379105,20.93839694230782,28.565554097871093,3149.655866274389
2024-01-29 14:00:00,10.07739681473492,12.676913513508035,24.479998255400357,3796.4631225676912
2024-01-29 15:00:00,9.00143353960322,16.005798279364196,9.549252272639512,3647.32168496839
2024-01-29 16:00:00,17.687679745627932,16.41643935773071,16.06136383144818,3387.9091563118877
2024-01-29 17:00:00,15.554106491888318,13.705475131479613,10.359323333630066,3341.945650299484
2024-01-29 18:00:00,9.11227067344736,17.933469007376374,0.0,3688.8450975326505
2024-01-29 19:00:00,21.274638426913985,12.625481716887379,0.0,3232.961313375281
2024-01-29 20:00:00,3.3514933792008215,19.35648648728622,0.0,3987.759736007393
2024-01-29 21:00:00,16.92748485555411,8.270101598766257,0.0,3428.6374363156583
2024-01-29 22:00:00,16.74481006374707,15.63189789773206,1.6692998328426734,3414.08869779173
2024-01-29 23:00:00,9.523628485488079,24.694644995291423,7.156833909155917,3573.232519642754
2024-01-30 00:00:00,14.609064177936943,9.998343376972127,5.408833638364143,3347.645161410188
2024-01-30 01:00:00,1.9910913889175763,11.611275147375743,0.0,3953.6170954757167
2024-01-30 02:00:00,19.39221615365521,17.569539248294575,3.1103499515302433,3311.4034611848383
2024-01-30 03:00:00,10.520782908456088,15.897908909697989,6.644666597677048,3543.6072803887414
2024-01-30 04:00:00,7.818215835847684,16.753150496367795,1.9340426034460132,3789.920477930639
2024-01-30 05:00:00,20.392073806695116,17.445935650738317,5.454902125929834,3318.6689180289536
2024-01-30 06:00:00,6.365250475657926,18.17360734280885,10.061352228503825,3633.6351846093335
2024-01-30 07:00:00,0.7323096290915228,20.548499209781117,5.118547730534907,3876.778448995641
2024-01-30 08:00:00,-0.45303338819122985,17.049093284642563,1.2465429782086443,4001.590743680698
2024-01-30 09:00:00,16.84807961076512,13.793711726907288,5.225442370423767,3346.3871976474675
2024-01-30 10:00:00,1.7565651800297353,18.362868506013655,0.724439165484456,3875.8318130911366
2024-01-30 11:00:00,26.03835345587492,24.499409674476077,0.11951521642477736,3093.447099218868
2024-01-30 12:00:00,-4.655435263069776,14.336831268087133,0.0,4228.624096674636
2024-01-30 13:00:00,25.571650946320304,10.127353476646793,7.8170667941605405,2965.444533382941
2024-01-30 14:00:00,13.688139737620947,20.53540334643486,0.0,3308.8834581083097
2024-01-30 15:00:00,11.226295105036861,14.39809418023201,7.6618386233905795,3404.0429369089934
2024-01-30 16:00:00,7.640647305528402,4.136652269929819,2.499320618701857,3717.4763915696403
2024-01-30 17:00:00,15.193088914816567,19.23710838575211,0.0,3179.016880791854
2024-01-30 18:00:00,11.698922380601212,12.323359070230387,1.8382464649571078,3629.6303528104445
2024-01-30 19:00:00,20.82641505613217,14.547333588479196,0.0,3151.1280133174814
2024-01-30 20:00:00,12.913821189296318,16.659901652845072,3.1275400841551786,3801.5013692193097
2024-01-30 21:00:00,13.20241409169502,15.952498398895331,4.426157414944955,3693.8427465639206
2024-01-30 22:00:00,9.091102302289153,18.5472590856952,0.0,3618.2110009836824
2024-01-30 23:00:00,11.54443501023146,12.822568147150783,0.6177384797779116,3526.3534223780543
2024-01-31 00:00:00,14.462414151136473,17.565528990880413,9.770787168751431,3501.520011017241
2024-01-31 01:00:00,-1.6813471412530046,13.702266612080415,0.0,4237.571146641924
2024-01-31 02:00:00,1.2145166231542959,18.694052404437514,0.0,3787.6164293302268
2024-01-31 03:00:00,17.94611275218172,18.076837420065267,7.4083170123129936,3088.7013093526366
2024-01-31 04:00:00,13.366923505023536,10.322806489777022,9.812935952653973,3383.4937073383126
2024-01-31 05:00:00,10.528133309178568,20.42991058087516,0.018478359239236627,3637.1114692317656
2024-01-31 06:00:00,12.147471464523145,12.32018277442976,5.057315177041781,3553.6738701157506
2024-01-31 07:00:00,14.780653642893368,19.040288991405724,6.707379577654406,3502.336240627342
2024-01-31 08:00:00,7.681922557525108,16.836436567006704,0.0,3572.753344862465
2024-01-31 09:00:00,5.773562196781499,24.190918383975614,0.0,3537.4431258318527
2024-01-31 10:00:00,13.566762040781452,13.882670088140738,6.1543725657736745,3530.822192767409
2024-01-31 11:00:00,4.173017779079744,13.253416019409013,8.425071393542547,3733.409518753202
2024-01-31 12:00:00,15.266022045715776,14.902901970561336,2.814404300871774,3181.8815231307617
2024-01-31 13:00:00,-1.620668833902723,13.484101085828623,0.0,4079.333127952047
2024-01-31 14:00:00,20.23324509860515,18.99970950971025,9.935305558497205,3250.117153760667
2024-01-31 15:00:00,15.780779859304344,6.918446957817061,0.0,3356.5630924156985
2024-01-31 16:00:00,14.048237874511006,9.73158790426823,0.0,3392.2856464013107
2024-01-31 17:00:00,19.86152787156411,9.660985392104035,1.7116891724481074,3186.1792835779484
2024-01-31 18:00:00,25.323795555700613,19.75153795986788,7.770802103573871,2934.4482973247495
2024-01-31 19:00:00,20.114960520145043,23.553066862909624,4.269879882761119,3052.057108234659
2024-01-31 20:00:00,-2.7269938506531624,14.477753907312643,2.0743275018095524,4033.4630313234643
2024-01-31 21:00:00,1.7633842661143877,14.155891384049946,2.316442650590531,3976.9597345556253
2024-01-31 22:00:00,7.001451378434569,15.350260815565907,0.2175733432173304,3751.6746523138327
2024-01-31 23:00:00,12.20872840168667,20.809391513040953,2.7906975725925314,3522.8754493840297
2024-02-01 00:00:00,16.141272163752983,10.36323432904713,0.0,3254.834265264543
2024-02-01 01:00:00,6.194049494772275,16.191844913673926,0.0,3734.087703995542
2024-02-01 02:00:00,13.494134115816626,19.87598814891215,1.206609674583905,3240.1149113738816
2024-02-01 03:00:00,5.95693654117342,17.505470849699226,0.0,3779.570204741602
2024-02-01 04:00:00,7.107857576064414,15.947908082993717,1.9316165890577999,3854.7082345606646
2024-02-01 05:00:00,0.7467112252142218,20.005230462835705,0.0,3822.7183377872207
2024-02-01 06:00:00,4.614134031112766,1.4838385350038141,8.77737849157745,3739.287114440559
2024-02-01 07:00:00,1.186523155069331,18.38937659765454,7.865098626074282,3969.719554416091
2024-02-01 08:00:00,4.193013976181338,11.729621584362881,0.0,3957.563704395495
2024-02-01 09:00:00,20.429134372862716,5.846835515717716,0.0,3138.0121634554766
2024-02-01 10:00:00,4.404808889344456,17.556012997624904,3.491891238298538,3747.598829023035
2024-02-01 11:00:00,33.05905651869912,21.86829272581479,6.5976800506835716,2467.55006490906
2024-02-01 12:00:00,15.946543207047114,14.312757426861541,14.803271057386178,3342.8755425341537
2024-02-01 13:00:00,13.478688989558991,19.764372736014693,14.97427211908529,3635.111500193844
2024-02-01 14:00:00,5.1331377585502915,23.061391289943227,18.003143751777674,3786.4040483509007
2024-02-01 15:00:00,17.60247903527193,21.57457226792024,31.60106786840511,3230.4708049339415
2024-02-01 16:00:00,7.3948973900978086,23.199822646856965,36.39510445707755,3663.622126558631
2024-02-01 17:00:00,12.976078517162891,18.71063745535946,33.90255478079352,3412.0425493570374
2024-02-01 18:00:00,32.48067630615036,15.377168194507965,46.982607366308045,2525.5062957953564
2024-02-01 19:00:00,11.231520802202802,6.990170940514158,43.82318300154196,3545.4207934765745
2024-02-01 20:00:00,21.194186610285406,13.769687559350256,52.60447590050566,3069.599736098748
2024-02-01 21:00:00,6.374588598992901,10.783767023419042,59.669370977109466,3627.4390392794307
2024-02-01 22:00:00,11.720092076024306,25.85471358748907,59.4894209665206,3314.6808722981614
2024-02-01 23:00:00,26.16640508508408,14.120570937838316,65.87160997541403,2951.951369839285
2024-02-02 00:00:00,6.984263537697861,15.616024033922429,64.79689884321402,3657.505935338969
2024-02-02 01:00:00,26.499588463975428,17.75742688020234,70.00910600558242,2744.7061656930878
2024-02-02 02:00:00,17.662015483643803,15.218012231862268,73.39673666062116,3246.9083927011993
2024-02-02 03:00:00,7.500265792845859,23.475255202153765,73.94133811672737,3502.34960821419
2024-02-02 04:00:00,17.059261912444168,11.88675319132774,79.84402115331092,3079.741131944508
2024-02-02 05:00:00,19.780435597013838,15.973037276186213,75.83628082923998,2981.139702712938
2024-02-02 06:00:00,16.97447969773757,11.28764707150976,83.76576068899773,2976.382435403693
2024-02-02 07:00:00,-0.5617977591236514,8.399887443896471,87.22336856363626,3895.1794112794937
2024-02-02 08:00:00,6.182902593401051,11.941154545473573,89.57104695620764,3390.427314517707
2024-02-02 09:00:00,10.019850915587963,14.81481601475794,91.62112087571028,3293.119338498485
2024-02-02 10:00:00,11.40453256719963,12.8534888774137,94.26396166975336,3147.7319730646545
2024-02-02 11:00:00,16.965376780405425,11.53789510063072,98.47730874269422,3115.823342019305
2024-02-02 12:00:00,13.42160800746603,7.968412681640831,101.71937386937958,3244.6648859354123
2024-02-02 13:00:00,1.3172451303191899,14.584472136856526,95.1208461751798,3724.398881118236
2024-02-02 14:00:00,15.041582808047705,7.476398129844989,93.1301865106464,3107.8185451897416
2024-02-02 15:00:00,16.884685962270584,18.80027981844801,94.46417709341968,3018.4608319786735
2024-02-02 16:00:00,16.47832358344832,15.412198764672516,97.51695991483798,3192.2701231870487
2024-02-02 17:00:00,20.646245804436973,7.712242502675347,98.22161260931851,2922.6517494330355
2024-02-02 18:00:00,18.671377236391233,13.453954614750682,95.90908211805228,3092.9625784618606
2024-02-02 19:00:00,15.673440633827493,11.239217972047085,92.80647733964324,3098.9245513551914
2024-02-02 20:00:00,11.438674308330825,16.5958725520959,96.28579181781426,3367.9877183082467
2024-02-02 21:00:00,-1.2876874681279311,21.70225223011572,98.50600632616683,3984.82328980439
2024-02-02 22:00:00,15.436945753060687,5.624137651771278,99.36206294711326,3242.4146240226246
2024-02-02 23:00:00,13.66150149730489,15.575130395737085,92.14644319586142,3228.0056718944334
2024-02-03 00:00:00,14.172630697562987,14.199336022166799,91.17745255594602,3276.459764021181
2024-02-03 01:00:00,1.7860113934375246,18.356700382252328,86.68430906550188,3731.124408678474
2024-02-03 02:00:00,3.351547676733901,16.065983141188447,89.0072596727042,3688.7115920547085
2024-02-03 03:00:00,20.42522282666323,11.240153341305906,82.54565625990017,2985.3386691988203
2024-02-03 04:00:00,11.68355876914676,13.404730321666909,87.05942369343539,3342.10528125872
2024-02-03 05:00:00,17.452005578980994,11.019870715982556,72.45957532424251,3178.209961499693
2024-02-03 06:00:00,12.226547009043689,20.38003569299299,76.58204530959193,3258.4381590608737
2024-02-03 07:00:00,12.238049115965962,15.10655824335971,76.68071426526588,3255.528724131832
2024-02-03 08:00:00,19.50627044780798,24.50595342876504,72.70105897145872,2935.492808761642
2024-02-03 09:00:00,7.871642174261009,14.696695930926897,81.673986898983,3361.7592287812226
2024-02-03 10:00:00,12.768966215527866,11.457966165447687,66.2139229532711,3235.085236250295
2024-02-03 11:00:00,8.30179769035966,7.4314280369358645,55.5393026890537,3572.795737687919
2024-02-03 12:00:00,8.524030180541475,5.984301618720275,56.02523675406978,3457.7095677210136
2024-02-03 13:00:00,9.526623012250885,7.079320284972551,43.422798850292175,3583.45092823249
2024-02-03 14:00:00,13.777070173069703,16.335633255057417,47.571509658638504,3357.245548635191
2024-02-03 15:00:00,8.170011026692181,17.54362511614967,39.35955458859748,3397.630028411312
2024-02-03 16:00:00,22.046049004588166,7.094046489839333,43.54310543983961,3096.569387358963
2024-02-03 17:00:00,4.843141582243969,19.475191570380577,31.562181743489674,3824.2298377824327
2024-02-03 18:00:00,10.505026846709129,12.584694741582803,28.98385401693666,3422.444950614276
2024-02-03 19:00:00,8.4821515338066,15.733965059927748,21.57364305917217,3659.585806818891
2024-02-03 20:00:00,23.575823074829863,23.061103141277123,28.567448114017367,2914.1823570378506
2024-02-03 21:00:00,13.572438212092598,19.48419657932766,13.338964510384402,3440.191580170361
2024-02-03 22:00:00,20.254756315749077,13.657346760470839,19.142520575119605,3025.074865524301
2024-02-03 23:00:00,0.11551701570422424,10.544038872923563,9.060057091231112,3797.9485599359114
2024-02-04 00:00:00,14.13640212695407,4.240922993353475,2.410333636676931,3391.4415286871863
2024-02-04 01:00:00,19.117046364987495,11.404233403787899,1.8436657365875986,3219.2579192998414
2024-02-04 02:00:00,12.658271914203393,13.944348805861528,1.9689864910812576,3449.963181088241
2024-02-04 03:00:00,20.52384300052281,10.06410236424408,0.0,3060.643224156832
2024-02-04 04:00:00,7.861692399197023,14.343715164538477,0.0,3645.5423978190056
2024-02-04 05:00:00,23.27477952148464,15.38425941479384,4.225789855921608,3087.4867146868446
2024-02-04 06:00:00,30.391184988954002,13.875720090959607,0.0,2779.863297429586
2024-02-04 07:00:00,9.097291516482727,11.749987095882702,0.0,3654.358442400612
2024-02-04 08:00:00,8.435979828793826,15.843273359833638,0.0,3595.5492868028236
2024-02-04 09:00:00,23.627075816941606,17.209703247847045,8.520527581277456,3155.047703631397
2024-02-04 10:00:00,24.6365771658457,9.54800461278577,6.234458577673597,2884.4506625553468
2024-02-04 11:00:00,7.817119782773854,22.05466189873135,0.0,3736.071238397718
2024-02-04 12:00:00,8.638505463233141,14.507059338578692,4.757246385290433,3763.13439799609
2024-02-04 13:00:00,9.745723129115943,15.094248114724238,0.0,3658.261884110252
2024-02-04 14:00:00,1.2443959117257837,18.541072116282784,0.0,3929.971740824486
2024-02-04 15:00:00,4.650784428126414,16.166080656317508,0.0,3761.1389182086455
2024-02-04 16:00:00,3.966873865983457,19.765683169566223,7.814443842540989,3929.304922780205
2024-02-04 17:00:00,5.8576194791669725,16.43562082600912,0.0,3623.397728307154
2024-02-04 18:00:00,11.722520900905751,11.93781312679781,0.0,3434.0867379258057
2024-02-04 19:00:00,13.873717860292166,16.80751762603051,0.0,3405.2955090391415
2024-02-04 20:00:00,24.404003942512617,9.281368963396691,9.520682947865035,3128.563852154965
2024-02-04 21:00:00,4.013167674089672,15.542798528882615,8.129794576810315,3861.190467486882
2024-02-04 22:00:00,19.87457918781267,14.833850046777696,11.09390116724067,3086.024454301987
2024-02-04 23:00:00,10.288089246195929,13.959415713637302,0.0,3557.4456596136724
2024-02-05 00:00:00,11.604290322780537,14.357312442805346,1.4781224437354754,3471.4398277916785
2024-02-05 01:00:00,17.39855593733283,5.590754772511804,0.0,3233.0788632833332
2024-02-05 02:00:00,3.018223827501611,12.256375461295193,7.3846721305913725,3962.390658494431
2024-02-05 03:00:00,15.059277969472404,15.464224505705573,0.0,3260.4545682947532
2024-02-05 04:00:00,13.33161766570445,15.799281959987002,1.0838778188131455,3625.445623307633
2024-02-05 05:00:00,15.939610112065193,9.86162429537021,0.0,3445.2385645358545
2024-02-05 06:00:00,14.313349151262544,21.328539204323505,0.0,3536.552201009868
2024-02-05 07:00:00,31.642401119287154,10.669125758927496,0.0,2688.0100040259877
2024-02-05 08:00:00,6.898080125989472,19.847286002633684,0.0,3709.08272305251
2024-02-05 09:00:00,7.752024359985459,17.135971809358423,0.0,3546.6038441481105
2024-02-05 10:00:00,7.014875788601885,11.768863450780984,0.0,3666.938727749244
2024-02-05 11:00:00,7.556183046717963,23.87655446304756,4.1666695589015355,3738.784823777794
2024-02-05 12:00:00,6.900902981547858,9.0318158412176,0.0,3853.5701869162253
2024-02-05 13:00:00,21.512132248860414,19.595770868050007,1.1027071350693343,3026.5936140951994
2024-02-05 14:00:00,23.364033983918837,20.002911590214893,6.0897957615277925,3016.7084554216644
2024-02-05 15:00:00,7.43402965000419,11.646898954616775,0.0,3687.5088919765803
2024-02-05 16:00:00,5.34115541516617,21.962326500321645,0.0,3646.7748631741047
2024-02-05 17:00:00,15.771324451091232,13.749767427005237,0.0,3428.2819461321906
2024-02-05 18:00:00,7.58221564575223,16.443468146399287,5.898626041803551,3612.515088912043
2024-02-05 19:00:00,17.063454542044084,16.301609193856102,0.9705381547667885,3295.9817068910006
2024-02-05 20:00:00,13.623384166810398,14.32845629264726,0.0,3409.869696136396
2024-02-05 21:00:00,-0.12595291997785552,19.05404136579891,2.4193832559401987,3921.2654997152667
2024-02-05 22:00:00,24.380041610640493,18.967443602761065,0.0,3024.0938370263248
2024-02-05 23:00:00,26.367021384764172,6.257340133809096,3.40679755221474,2916.9445916482014
2024-02-06 00:00:00,7.09769047612491,21.521701214390763,2.0430365385088383,3674.8205196501194
2024-02-06 01:00:00,8.898387520512127,6.687540059821629,0.0,3571.2183370114803
2024-02-06 02:00:00,14.28692312579924,20.162731021708286,0.0,3460.475542046326
2024-02-06 03:00:00,14.6756543198962,20.633525684137915,0.0,3578.3355540533807
2024-02-06 04:00:00,17.268354181382644,9.54516784892401,2.674086681729551,3317.906382665148
2024-02-06 05:00:00,28.081636310130797,12.945928560227076,6.144902512445309,2964.0565640609907
2024-02-06 06:00:00,10.584422180047605,9.47147665757032,0.0,3437.6009202827495
2024-02-06 07:00:00,5.61362204369237,13.925394848556323,2.291933517757421,3786.647395146167
2024-02-06 08:00:00,0.9654461758837822,13.459828579071294,0.0,3851.6453210675418
2024-02-06 09:00:00,6.152559680464647,18.898302661346698,0.0,3606.205120028224
2024-02-06 10:00:00,11.734984217009623,21.55154373059804,0.0,3456.6634905737114
2024-02-06 11:00:00,26.3564629081423,21.97841905394978,0.0,3064.931417115665
2024-02-06 12:00:00,7.859109607710629,12.18915986710849,0.0,3780.6371985585397
2024-02-06 13:00:00,13.790303613111188,13.95389063127736,0.0,3472.688327680992
2024-02-06 14:00:00,11.868616831417983,6.582809038895249,1.4609636416318659,3369.0633434710235
2024-02-06 15:00:00,21.507146187584674,10.970649667519055,0.233012609886878,3119.620062138046
2024-02-06 16:00:00,32.21545940698897,19.824258165487286,0.0,2741.5516246106145
2024-02-06 17:00:00,7.753049816637435,23.07791411774116,0.5529198291260151,3706.32579063411
2024-02-06 18:00:00,8.084484459854224,8.82825564060039,13.079807769427784,3466.0816477189005
2024-02-06 19:00:00,20.353287016552578,12.037678704235528,23.31992205529019,3050.1968904253295
2024-02-06 20:00:00,17.45513191701049,14.867971215205365,12.158647336408457,3271.069652231892
2024-02-06 21:00:00,26.77365860588827,16.400805794098034,28.197346530618756,2926.2880536549505
2024-02-06 22:00:00,16.67142548260771,10.95198240039177,32.78770633635852,3047.9547859129802
2024-02-06 23:00:00,9.125663273703523,17.120305222320447,46.99487651257908,3524.771318478715
2024-02-07 00:00:00,16.725238645538475,12.630803264645419,42.6620079727121,3259.971315220932
2024-02-07 01:00:00,20.869628644663262,14.927738645608605,50.92432361533937,3148.3274058344123
2024-02-07 02:00:00,18.56385744957891,17.7314212400185,54.015182816684224,3218.7010948072184
2024-02-07 03:00:00,16.058192248858383,15.03211134905469,46.82207182825723,3322.2852982700306
2024-02-07 04:00:00,20.53339751671323,12.818070547367157,65.338002407148,2967.9940438469816
2024-02-07 05:00:00,21.354364723565382,14.451950980370846,66.44199274090619,2822.1412118632416
2024-02-07 06:00:00,23.057271928300217,14.558185203973323,71.61069163809688,2895.182463885658
2024-02-07 07:00:00,17.189679100717143,13.149944850589362,92.2318920763093,3228.1122343395514
2024-02-07 08:00:00,10.663055357465165,13.706019686664488,65.52966660475553,3581.7639052443255
2024-02-07 09:00:00,13.173709491466582,22.993235852523583,87.73302612209709,3368.6404783269213
2024-02-07 10:00:00,21.652071732066855,17.804597239706194,80.63348821297922,3015.5842365715407
2024-02-07 11:00:00,5.464514632102111,13.522598409854199,86.26300839717422,3646.8573627601636
2024-02-07 12:00:00,14.94938647098321,18.484772022553678,87.1419943891356,3172.1286777063224
2024-02-07 13:00:00,8.853289501381115,13.33090255121995,87.57274997980826,3457.7168906297766
2024-02-07 14:00:00,12.22995858347854,20.865623187933206,88.94450596338751,3499.8195973167167
2024-02-07 15:00:00,22.22761490085839,16.84821096099047,95.31105740290421,2826.017488580668
2024-02-07 16:00:00,13.528792544159227,14.463489279978855,87.71290953145513,3444.900358241706
2024-02-07 17:00:00,12.37149238524919,17.238584629051388,100.4482638172301,3272.0409615063663
2024-02-07 18:00:00,1.121150872160646,7.145619239657504,95.76881385693275,3896.1595483092165
2024-02-07 19:00:00,17.970028528217767,9.366162655450974,93.10879380293112,2954.2997703156734
2024-02-07 20:00:00,17.1638734491286,9.030374968004722,97.17109007530155,3177.693302000718
2024-02-07 21:00:00,29.30603778644368,15.714715473818533,106.11991556355852,2541.8416438203735
2024-02-07 22:00:00,9.537774120375992,23.66257499742546,97.32047601494142,3282.321363962659
2024-02-07 23:00:00,13.753202621311512,26.15650073096316,101.70196018281821,3268.3213790229975
2024-02-08 00:00:00,13.995069469686042,18.190255507203787,95.91722906652966,3349.309941939096
2024-02-08 01:00:00,24.619626238107795,17.504222374722286,102.77456147814598,2725.1716836600463
2024-02-08 02:00:00,11.237635740904384,5.994711329236305,101.57752641426492,3197.4379214894548
2024-02-08 03:00:00,14.232172206162714,12.28663100132989,106.31225224272629,3208.904130834543
2024-02-08 04:00:00,16.863172077732315,11.061081240458805,94.8675003648314,3126.9945832833264
2024-02-08 05:00:00,13.492872985250864,11.89576200874442,97.5249134494635,3320.067216446488
2024-02-08 06:00:00,8.428531083595773,14.159280907076052,92.8724199881766,3572.0733738162644
2024-02-08 07:00:00,13.55271994318646,12.639547111514364,96.83051455925595,3258.2886550267804
2024-02-08 08:00:00,20.589053998878178,5.103500948121061,84.49978399056624,3192.988603543167
2024-02-08 09:00:00,3.787877604711518,18.73955128058767,89.34113283793378,3692.2261045892005
2024-02-08 10:00:00,13.063757393175008,9.636284871300967,81.95035591550536,3278.906341841299
2024-02-08 11:00:00,6.399033480486614,16.196234320555746,79.70295614419813,3423.476012581856
2024-02-08 12:00:00,21.56037303139874,25.370413348749867,77.38229546534704,2956.5545357817396
2024-02-08 13:00:00,-0.18549523827019776,10.403077042067883,74.89171723227419,3823.997680525146
2024-02-08 14:00:00,7.528625221827293,2.348562386268352,69.57194574769146,3655.7415792596726
2024-02-08 15:00:00,15.017695000516166,13.569978890599446,67.57353525412474,3310.3934918777895
2024-02-08 16:00:00,24.52419223387472,20.504798174992857,70.57088984983119,2759.953618782087
2024-02-08 17:00:00,11.473997911416097,24.791737271102967,63.63089636687605,3431.003729450708
2024-02-08 18:00:00,7.558403786454413,8.852252027737915,58.925746893970874,3646.965471926787
2024-02-08 19:00:00,27.04925655552472,17.483496116182607,48.0419075881392,2974.749058541516
2024-02-08 20:00:00,0.41588879667004797,12.673447716099734,41.48700768594165,3989.1408295027204
2024-02-08 21:00:00,-5.5904476529606555,14.470258228479322,46.20828220398773,4207.286007141599
2024-02-08 22:00:00,15.52011560042666,28.221716735085174,41.206815706355954,3302.790344031738
2024-02-08 23:00:00,7.983566205179111,7.485148358024234,39.49250584535212,3640.5035406444763
2024-02-09 00:00:00,3.830137462954294,16.268698307472867,24.331353091055618,3923.082285370333
2024-02-09 01:00:00,17.666851578394827,17.338465858827167,21.357115897539884,3117.3339653211624
2024-02-09 02:00:00,13.95040571016959,20.428931624696737,9.404678241210897,3388.230482389099
2024-02-09 03:00:00,7.487370954106173,15.489915767354477,10.69289921646328,3601.8624885272025
2024-02-09 04:00:00,1.7575648106328448,16.54025269752051,12.659568101569093,3942.293583244161
2024-02-09 05:00:00,18.979658626241157,13.041757162891045,0.34647323832152255,3363.1429260387895
2024-02-09 06:00:00,17.20160942366929,16.345634706225535,3.202398976004119,3245.833396429113
2024-02-09 07:00:00,11.206593089764937,13.284038622512949,0.0,3312.7058396624584
2024-02-09 08:00:00,26.773095968381327,18.107859449280255,1.6202851411078032,2884.6135164800844
2024-02-09 09:00:00,3.4393218693907794,13.15194831978183,0.0,3953.7744984261094
2024-02-09 10:00:00,-0.20420136739791062,16.885501969510933,0.42604724816950534,4061.0789504945656
2024-02-09 11:00:00,6.464735440950045,14.853685931575109,0.0,3784.229207143056
2024-02-09 12:00:00,11.635311869156018,20.63025125386084,0.0,3506.5881950463113
2024-02-09 13:00:00,13.946715594581535,14.743031382057568,0.0,3314.22830259476
2024-02-09 14:00:00,10.07011153714936,6.134837658965592,6.02997258273408,3636.6650255110044
2024-02-09 15:00:00,14.816443172114374,21.309607503569957,3.887036763822556,3316.140018584317
2024-02-09 16:00:00,1.9876846064764475,10.471338495686904,2.333354909830405,4134.235579259326
2024-02-09 17:00:00,23.550116832586077,11.731168306755901,7.6050311357969,3099.8359852604144
2024-02-09 18:00:00,11.34279057285945,12.021693529782539,0.0,3488.223546830227
2024-02-09 19:00:00,20.93836665270502,21.872190465854086,8.73681598957779,3083.8531771737808
2024-02-09 20:00:00,14.741802771021632,4.321628930106522,4.660957821301924,3391.711552855172
2024-02-09 21:00:00,15.654025753230272,30.68874266829997,0.0,3349.8887776686142
2024-02-09 22:00:00,16.55813824185763,20.28028404533026,5.678100735914721,3438.0016464068603
2024-02-09 23:00:00,15.58166848013852,16.1161945706458,0.0,3395.374877768864
2024-02-10 00:00:00,17.141782078940352,14.725529996918569,0.0,3241.165542951533
2024-02-10 01:00:00,22.63322024105945,16.427770374288286,0.0,3283.7152588732
2024-02-10 02:00:00,13.572169357611761,17.605612141896692,0.0,3462.044058847552
2024-02-10 03:00:00,17.6720300607081,18.226077929750286,0.0,3370.002765168566
2024-02-10 04:00:00,11.282114445702186,17.778022330017244,6.115415335476625,3475.661940756483
2024-02-10 05:00:00,23.520937723595782,15.447903406276245,0.0,3095.474053830621
2024-02-10 06:00:00,6.588861583525842,14.013307898463369,1.7625248417843977,3764.031486089717
2024-02-10 07:00:00,26.407523463286523,14.24363358173244,0.0,2754.734132258924
2024-02-10 08:00:00,11.678736394845252,14.025458598236595,0.0,3734.3780552522535
2024-02-10 09:00:00,0.5537991830556148,20.668850484335323,1.3502867919571104,4104.2119051861155
2024-02-10 10:00:00,13.024835319286314,17.967783611404307,0.0,3439.2870556139487
2024-02-10 11:00:00,6.551586740200953,0.29805682667859834,0.0,3627.7095563463768
2024-02-10 12:00:00,18.72514839190979,18.279503882648804,0.0,3285.750225703963
2024-02-10 13:00:00,6.779008165580873,15.973680973593874,9.93637999615404,3717.6366833258967
2024-02-10 14:00:00,8.430532534281763,14.906456217770513,4.556813610873609,3689.231966263305
2024-02-10 15:00:00,-3.116325847564248,13.057407734555571,0.5287689563574021,4142.753235609264
2024-02-10 16:00:00,8.381549446007387,20.620563599930065,6.318533388273343,3702.72505431375
2024-02-10 17:00:00,-7.391034613031653,19.737632310614288,0.0,4440.371954460447
2024-02-10 18:00:00,-0.6712225878857865,11.135611660881954,2.717396893350465,4078.224430241595
2024-02-10 19:00:00,18.08331724915438,17.035261435622676,0.9990521685935674,3169.7036558056434
2024-02-10 20:00:00,18.286401269206657,10.141716327293569,1.32010040666835,3402.160033689642
2024-02-10 21:00:00,15.403660494279718,8.101909176055347,6.361767500533839,3535.191501576572
2024-02-10 22:00:00,4.264190854966296,11.866413877050174,3.662460513899011,4137.313118224759
2024-02-10 23:00:00,11.61830915086416,19.311967361913794,1.4436183141251164,3420.0309940132233
2024-02-11 00:00:00,11.971179687275452,19.765625226880434,0.0,3545.441013824009
2024-02-11 01:00:00,2.733082486459658,17.565427100486467,0.0,3682.466830222715
2024-02-11 02:00:00,24.027186414137205,18.625478934239986,0.0,3094.227459072433
2024-02-11 03:00:00,19.01889832460537,17.58089143557479,0.4668618713832562,3183.4903134563415
2024-02-11 04:00:00,10.232286609362689,11.792592023885238,0.0,3783.0531151079877
2024-02-11 05:00:00,12.215086711956246,17.159612723369705,12.058383377892106,3409.8182677641075
2024-02-11 06:00:00,13.66706246358042,19.002047626138413,7.581970276267864,3269.235257107521
2024-02-11 07:00:00,-4.333878947394325,18.771456649067872,3.0105916019624175,4120.207600621597
2024-02-11 08:00:00,10.022580939835224,20.944566857373214,0.3601843064187238,3400.82761667204
2024-02-11 09:00:00,6.544126016017612,18.541519236005318,0.0,3813.3449048100265
2024-02-11 10:00:00,3.987039920840676,16.757241037707914,0.0,3634.0100985407407
2024-02-11 11:00:00,9.75119765691236,20.350751191582138,0.38740259259431264,3612.023046656633
2024-02-11 12:00:00,26.381492214796182,14.867393703754699,1.2887627007137534,2734.3816040211054
2024-02-11 13:00:00,17.12674289013608,10.59062674386141,0.0,3282.900503940893
2024-02-11 14:00:00,7.430568081737626,14.184665180281181,1.6708820862244873,3863.7733281384994
2024-02-11 15:00:00,16.58066225084927,11.275486775967755,0.0,3372.838299109609
